date,lwti,lbrent,lwip,lgop,gpr_ai,military_conflict,diplomatic_tension,terrorism,civil_war,nuclear_threat,coup,sanctions,other
1990-01-01,2.88644247976,2.81341071676,3.8232622951,11.0145059002,105.44,20.3665,39.7607,9.7483,21.7993,0.6652,2.5842,0.5117,10.0041
1990-02-01,2.84916991694,2.73932678278,3.82732099126,11.018727499,96.62,7.808,47.7013,5.793,20.7373,1.8191,1.2314,1.8191,9.711
1990-03-01,2.76350795877,2.6602704128,3.83153493812,11.0321763088,93.28,6.0244,48.7924,6.0975,15.8292,3.1219,3.9512,0.6098,8.8536
1990-04-01,2.66011304772,2.55613819967,3.82123893394,11.0262231861,97.01,8.7451,45.1435,9.6905,12.6318,5.2786,1.2606,5.8826,8.3774
1990-05-01,2.64600448222,2.53881078548,3.83239658612,11.0162492643,98.76,8.0769,49.9461,10.3667,13.7887,3.2459,1.2329,2.0129,10.0899
1990-06-01,2.55381398173,2.45310000613,3.83594459699,11.0030826914,89.86,2.9179,41.6506,11.8522,17.0166,2.8404,0.9296,2.1174,10.5353
1990-07-01,2.64886132971,2.57696063413,3.83579517798,11.0049125485,86.86,7.3162,38.8898,7.1086,18.2904,1.9977,2.5684,1.2453,9.4436
1990-08-01,3.03265610258,3.02751659054,3.84125136897,10.9427920603,204.1,120.6208,31.2772,5.479,21.5306,1.0187,3.2213,11.4536,9.4988
1990-09-01,3.23043144231,3.27107436977,3.84325647343,10.9864276718,150.69,74.4212,34.9147,4.5375,15.4874,1.5759,1.2227,7.8524,10.6782
1990-10-01,3.29644748525,3.29589239225,3.84258426354,10.9926722071,111.25,43.5576,34.6356,7.726,10.5725,2.679,1.4113,2.4637,8.2044
1990-11-01,3.18556729362,3.20819822887,3.83776473608,11.0066063383,124.26,60.2973,29.8214,7.6452,12.8816,2.5658,0.6546,1.728,8.6663
1990-12-01,3.01199279443,3.04764013316,3.83569297263,11.0107622143,137.67,54.7453,44.1243,5.0282,11.5084,3.1191,4.9206,3.0922,11.1319
1991-01-01,2.93015386522,2.86209481952,3.83771759786,11.0076842195,259.57,204.2443,25.0813,8.6051,9.9465,0.9364,2.05,1.5185,7.1878
1991-02-01,2.72082678768,2.67384163412,3.83600798201,11.002433119,207.53,154.1908,25.3922,7.7689,7.4299,0.9646,2.3463,1.486,7.9513
1991-03-01,2.69209771924,2.65001865353,3.82985963318,11.0062910458,116.74,54.5812,26.6554,4.8586,18.8995,0.3789,1.5378,1.627,8.2017
1991-04-01,2.73554919629,2.65302301048,3.82989058576,10.9845127578,94.08,29.3639,28.4621,4.1387,14.4276,1.7572,0.8092,2.6358,12.4854
1991-05-01,2.7508760862,2.6498501205,3.83556913852,10.9811655738,88.52,19.0609,31.4575,5.572,17.3172,2.345,1.0823,2.0243,9.6607
1991-06-01,2.69770273258,2.59228718266,3.8365089113,10.984919772,78.55,15.701,29.0967,6.3565,12.0863,4.6331,0.4029,2.6859,7.5875
1991-07-01,2.7544367143,2.65631885834,3.83969137197,11.0009491794,93.95,20.804,32.6136,3.5017,15.1052,10.2761,0.7324,3.3415,7.5755
1991-08-01,2.76496456369,2.67227887603,3.83830533395,10.9882882319,110.44,12.1993,30.564,5.585,16.5359,5.2345,27.1583,1.8179,11.3452
1991-09-01,2.77121917169,2.7056141463,3.83786117841,11.0042142709,103.19,13.4625,40.2758,3.4828,24.1342,6.5861,5.4252,1.1833,8.6401
1991-10-01,2.82917501748,2.7842731086,3.84142461963,11.0049956443,88.74,14.2538,33.0245,3.5794,12.3362,8.9486,6.3705,3.0042,7.2228
1991-11-01,2.79110277672,2.72911368927,3.84104221963,11.0087609401,93.67,16.4675,34.3374,5.6324,14.3185,6.1979,3.4383,3.6192,9.6588
1991-12-01,2.64688274022,2.5893622699,3.83348530262,11.0156410768,98.14,9.2781,39.6812,8.1045,17.3826,10.2303,3.4987,1.7272,8.2374
1992-01-01,2.60906976074,2.57496632049,3.84159150136,10.997950846,98.34,11.6011,37.395,6.7991,18.3553,7.8986,6.0137,1.9298,8.3474
1992-02-01,2.61854325573,2.56672378401,3.8454952252,10.9956725302,87.25,15.9737,34.2061,4.0284,12.4111,4.3311,4.8666,3.4928,7.9403
1992-03-01,2.61019665068,2.53957908347,3.84358956766,10.9767022865,83.72,16.2651,31.0849,6.3205,12.4469,5.2204,1.4669,3.1063,7.809
1992-04-01,2.67498933884,2.60804225129,3.84417330014,10.9739147984,81.9,16.3235,20.1339,4.3514,18.8638,3.5281,5.4804,5.3628,7.856
1992-05-01,2.70924252269,2.65589001259,3.83826440801,10.9702582181,88.84,19.916,17.9442,3.8334,24.5866,4.4723,3.6351,5.5738,8.8785
1992-06-01,2.77142816326,2.71492633964,3.84031605603,10.9685311824,93.72,22.8909,35.011,3.518,16.5778,2.53,1.6746,3.5421,7.9757
1992-07-01,2.74095481472,2.66762354163,3.84212388267,10.9769888494,95.97,24.0677,32.3195,7.1558,16.654,1.8481,3.3738,2.7936,7.7575
1992-08-01,2.71841298814,2.64047677627,3.83631668209,10.97720567,102.93,41.1352,23.1922,2.7778,21.9565,1.2868,0.9804,1.7974,9.8038
1992-09-01,2.74127430468,2.66484328759,3.84483166751,10.9864296865,87.87,19.8884,30.8385,4.3137,15.1393,3.4426,1.6591,2.2398,10.3486
1992-10-01,2.72830936413,2.66010653811,3.84667673219,10.9934248386,79.55,21.8762,21.6832,3.9582,16.9333,3.881,0.9268,2.0081,8.2832
1992-11-01,2.66122854151,2.60407012767,3.84286613213,10.989658231,99.22,22.0674,24.5401,9.496,17.4544,4.5298,3.4909,8.2908,9.3506
1992-12-01,2.61302107807,2.54535212558,3.83723053565,10.9916321624,131.65,53.8918,29.17,8.875,19.2257,2.2455,1.3901,1.9675,14.8844
1993-01-01,2.58974181739,2.49962046445,3.84618059363,10.9867494072,110.43,45.5542,29.463,4.8662,17.2771,2.6171,1.145,1.4721,8.0354
1993-02-01,2.64184867825,2.55777429364,3.85341056685,10.9963934574,93.84,25.3975,28.9837,8.0662,15.6309,4.1203,0.6976,2.2672,8.6766
1993-03-01,2.65183547386,2.57355466458,3.84977243746,10.9766645562,116.68,29.1551,24.7094,28.1628,14.6867,7.006,1.29,2.6396,9.0303
1993-04-01,2.64490153425,2.56366469825,3.85178756013,10.9728651071,101.58,32.0463,22.2241,12.8523,15.2351,5.0471,0.9944,3.6305,9.5501
1993-05-01,2.62719810447,2.55228008772,3.85496318001,10.972188937,103.53,31.8883,22.0258,13.1084,20.1531,3.5848,1.4803,3.7809,7.5084
1993-06-01,2.58244035795,2.50401150359,3.8530674519,10.966934146,99.56,27.8558,23.3204,11.8125,15.9249,3.8924,4.8739,4.4847,7.3955
1993-07-01,2.51613257596,2.45207837947,3.8526633121,10.97598457,110,29.5986,30.8342,14.5722,17.5702,5.2329,1.3809,2.9798,7.8312
1993-08-01,2.52074386522,2.44522542546,3.85053893142,10.9714998506,103.52,36.0417,19.7941,13.0166,17.863,1.7454,1.3741,4.1222,9.5628
1993-09-01,2.4906373245,2.40164997058,3.85720022864,10.9793524875,101.28,21.2626,39.5556,6.5492,17.979,3.3554,2.8709,1.7225,7.9847
1993-10-01,2.52297761094,2.43431197385,3.85656832904,10.989382771,107.65,29.3407,26.5344,8.9607,21.2858,4.9656,3.5099,6.9712,6.0816
1993-11-01,2.4315684879,2.34285899213,3.85781469216,10.9942126859,86.08,13.8808,27.3429,8.7524,12.1201,6.7011,3.4018,5.5899,8.2909
1993-12-01,2.29503788736,2.23909409774,3.86237475956,10.9918236044,90.48,13.5427,31.5885,12.3207,11.9189,8.822,0.8872,3.1806,8.2194
1994-01-01,2.32955908173,2.2790708699,3.86233436044,11.0183632717,91.45,17.4399,30.3665,7.1162,18.5266,7.7998,1.1042,2.5064,6.5904
1994-02-01,2.31005541636,2.241449093,3.86735007647,11.0069786538,107.13,29.4895,30.942,10.8582,15.3258,7.6929,0.6811,4.4074,7.733
1994-03-01,2.30054358157,2.24017437672,3.87384726115,11.0050378543,106.68,21.3035,31.998,14.5103,20.2768,7.1012,1.0267,2.8234,7.6402
1994-04-01,2.41187808372,2.3366451466,3.88104665482,11.0013165845,113.75,35.9928,24.5057,10.0489,25.0661,5.7902,0.2615,2.8764,9.2083
1994-05-01,2.49558390773,2.3957357779,3.88411541882,11.0041649075,101.08,19.2271,28.7031,4.0415,27.0349,7.2317,0.7911,5.6925,8.3581
1994-06-01,2.5562257145,2.42762891133,3.89267314139,11.011197581,92.59,16.0389,22.9153,5.1082,20.6291,12.0739,0.2679,7.6801,7.8766
1994-07-01,2.58384496997,2.4731577573,3.89234583187,11.009240486,109.62,21.5373,31.168,11.3422,21.8333,5.8469,1.6468,3.09,13.1555
1994-08-01,2.51248699697,2.42794561086,3.90524810486,10.9953134658,102.6,19.2932,30.0838,10.5563,16.3929,9.7997,0.7926,4.2964,11.385
1994-09-01,2.45855213009,2.36553159067,3.90778533398,11.012677434,102.69,36.2177,31.9439,7.3145,9.8653,2.9224,2.0102,3.9022,8.5139
1994-10-01,2.47323685847,2.40129704986,3.91436945277,11.021910475,89.16,25.8896,25.8462,11.4911,5.7455,4.2527,3.6452,3.4369,8.8526
1994-11-01,2.49012221951,2.4401969343,3.92223834435,11.0224969323,78.38,25.553,20.1469,7.7702,11.6466,4.2588,0.6779,0.9213,7.4052
1994-12-01,2.43644954141,2.36207257127,3.93067598966,11.0304529979,101.61,39.9192,25.3404,11.7918,11.939,3.6056,0.3679,0.9198,7.7263
1995-01-01,2.48379861643,2.39759320362,3.92766870556,11.0229199082,86.91,35.0737,19.5684,11.1325,5.5389,3.6076,0.3826,2.4051,9.2012
1995-02-01,2.51010019558,2.42821590812,3.92985355018,11.0302950443,86.42,23.5363,28.1637,9.1768,9.9172,2.4549,0.3702,4.0916,8.7092
1995-03-01,2.50649728238,2.42036812865,3.93142915683,11.0217596478,79.63,16.3259,27.5706,12.2352,7.5943,3.5403,1.0089,4.1457,7.2091
1995-04-01,2.57332605276,2.50845246712,3.93622905503,11.0286726851,100.37,17.8587,24.7838,30.6711,8.4641,5.8694,0.0716,4.8494,7.802
1995-05-01,2.56327902073,2.49026156122,3.93495643451,11.0208976501,87.93,21.8952,28.1462,13.7988,3.6409,4.9709,0.0831,7.5977,7.7972
1995-06-01,2.49372591322,2.42994591192,3.93692572843,11.0141274026,93.55,33.1001,26.3587,12.8333,5.1265,4.5113,1.0595,4.5626,5.998
1995-07-01,2.42978917087,2.34051956746,3.93508649029,11.0308516351,88.17,35.7654,24.0282,10.6025,6.4995,2.7051,0.817,1.5432,6.209
1995-08-01,2.46686832523,2.35420534504,3.94425627349,11.0299984311,95.02,33.9134,26.6056,14.2668,4.6454,6.0409,1.3955,1.322,6.8304
1995-09-01,2.47714747202,2.38948760275,3.94136291615,11.0342689392,79.09,25.3257,23.8178,10.3929,5.9828,4.9614,0.9728,0.989,6.6476
1995-10-01,2.42966247849,2.35090981615,3.94172388743,11.0261501825,60.97,15.3274,21.6846,9.5667,4.4953,2.5717,0.8538,1.7488,4.7217
1995-11-01,2.45998358341,2.39511148802,3.946694461,11.0380967417,80.19,15.8852,28.8017,16.8748,8.2464,1.6319,0.2257,2.8125,5.7117
1995-12-01,2.51488382645,2.45534243276,3.95249832919,11.0369240932,81.64,29.8462,25.0625,7.8509,5.3558,3.7347,0.1271,1.176,8.4866
1996-01-01,2.50072570561,2.44568593663,3.95152024018,11.0396739591,72.13,21.7524,23.5651,9.0712,7.2971,3.0237,0.5708,0.8948,5.9549
1996-02-01,2.51090970681,2.45211682697,3.95499185283,11.0489035734,80.54,14.0369,31.8073,15.0026,8.4153,1.8452,0.5001,3.2247,5.7079
1996-03-01,2.61863898685,2.5467284615,3.95427229518,11.0444906365,82.53,17.86,28.4844,16.2538,7.9181,1.7185,0.1767,4.5774,5.5411
1996-04-01,2.71167377962,2.59442251744,3.95824761201,11.0409492034,93.98,28.3624,31.2088,10.0043,12.9349,2.6611,1.179,1.7684,5.8611
1996-05-01,2.60533844302,2.5050560735,3.96531407516,11.0347399109,74.66,11.7428,26.956,6.552,12.6627,2.4682,1.1369,6.5445,6.5969
1996-06-01,2.56735184936,2.4664432657,3.96623990984,11.0434237577,79.42,8.3009,36.0466,14.4783,5.9142,1.4391,0.8424,5.6948,6.7039
1996-07-01,2.60763145336,2.52292216205,3.97020916033,11.0476932026,95.28,11.9556,23.3516,32.9794,9.8468,1.3464,2.8064,5.0126,7.9812
1996-08-01,2.63413794282,2.56856387808,3.97410044455,11.045659828,80.41,15.2859,22.2845,15.7753,12.5126,1.1583,0.9462,5.563,6.8844
1996-09-01,2.72127874047,2.66375215166,3.9779173133,11.049572948,91.72,35.6157,25.2725,8.8256,12.2403,1.4352,0.8908,1.0228,6.4171
1996-10-01,2.75537439853,2.72600850372,3.98015686751,11.052892903,68.06,15.0706,29.0885,5.7556,8.8303,0.6513,1.0299,1.5146,6.1191
1996-11-01,2.70405145853,2.66315916771,3.9857481291,11.0616760077,76.27,18.894,26.5743,6.454,8.8258,1.3553,1.3553,1.3876,11.4236
1996-12-01,2.7636710133,2.70448214191,3.98857548151,11.0703402208,86.75,10.1993,33.6976,16.048,13.9763,2.518,0.1912,1.5299,8.5897
1997-01-01,2.75781577119,2.69245452146,3.99625405038,11.0731199365,77.43,6.2656,33.5046,19.3905,8.9368,1.8797,0.2968,0.8904,6.2656
1997-02-01,2.63106411269,2.56922707901,4.00161192958,11.0773049744,75.25,7.5018,32.9281,12.514,10.7215,0.7635,2.0912,1.8588,6.8711
1997-03-01,2.57433999757,2.48250493611,4.00537892267,11.0710414047,90.82,6.9152,40.1544,12.3859,19.5931,0.6454,1.5367,1.5675,8.0217
1997-04-01,2.51124020189,2.39624515436,4.01414378715,11.0842504488,83.08,10.1842,34.2793,12.915,15.9028,1.51,0.4176,1.9597,5.9113
1997-05-01,2.56653562934,2.47611262327,4.01514468945,11.073856716,76.53,7.4051,32.7111,5.6916,13.8923,1.4688,5.967,2.0808,7.3133
1997-06-01,2.48677755772,2.39550904361,4.02037503558,11.060150691,69.02,8.1763,28.5089,8.2071,11.0148,1.4501,4.3195,1.1416,6.2016
1997-07-01,2.50608560527,2.44310571963,4.02574684565,11.072655644,74.38,10.1427,27.8392,9.0462,9.9904,2.0407,7.9802,1.1574,6.1831
1997-08-01,2.51823797258,2.44817040996,4.02945109883,11.0846897175,71.46,8.8968,27.0661,12.0828,9.8286,1.4728,2.645,2.4647,7.0032
1997-09-01,2.50820629362,2.43813058499,4.03295339623,11.0879906614,60.29,7.4267,28.3106,8.9715,5.4661,1.4853,0.7427,1.5893,6.2978
1997-10-01,2.58077957581,2.50987609989,4.03920371993,11.1040734528,61.78,6.5661,28.4443,6.3003,6.2471,1.7279,1.4621,3.9609,7.0712
1997-11-01,2.52461485173,2.47277397646,4.03607074782,11.0988000545,72.42,6.1305,35.4938,11.6021,2.6928,1.7475,1.1172,3.5809,10.0552
1997-12-01,2.42734824322,2.36255509792,4.03362390355,11.0966928245,70.33,7.0143,31.4351,7.1293,5.7494,1.6386,1.2936,1.5236,14.5461
1998-01-01,2.33417945841,2.23821116736,4.03760525017,11.1082644735,75.52,8.5851,34.2532,9.691,7.2755,0.9604,1.0186,1.6588,12.0774
1998-02-01,2.29390555927,2.16161872188,4.03761646657,11.1164890651,95.13,32.6203,34.8658,9.0123,4.8855,1.0924,0.789,2.0634,9.8013
1998-03-01,2.23359222151,2.09018608096,4.03635772524,11.1143016865,67.63,11.6449,32.7373,5.6825,4.2409,1.9035,1.2597,3.0232,7.1381
1998-04-01,2.24745551834,2.12124948649,4.03757486854,11.1079637401,64.91,6.352,33.0624,5.7665,4.5664,2.9564,1.0538,2.8979,8.2546
1998-05-01,2.21590911765,2.17832355249,4.03736145298,11.0987813228,90.54,8.8838,28.5195,6.3377,10.3229,20.0093,1.8266,3.8746,10.7657
1998-06-01,2.13150235472,2.01490302054,4.0363106451,11.0980773892,91.11,21.4186,30.4092,5.2004,6.8164,9.7838,1.8216,3.7901,11.8699
1998-07-01,2.16132079716,2.00174493596,4.03610869058,11.0930733281,73.24,11.8542,25.4359,9.114,8.4588,5.391,0.8637,2.5317,9.5906
1998-08-01,2.10943399398,1.98634738693,4.03309061737,11.0747764859,120.18,33.2647,26.1234,32.5933,10.0404,2.5635,0.6714,1.3428,13.5805
1998-09-01,2.21840539942,2.09912423614,4.03845534409,11.0722750091,75.95,16.0374,24.7954,10.3788,7.8196,4.2937,0.7393,0.9099,10.9759
1998-10-01,2.17729991697,2.0475156937,4.04035975226,11.0803615485,78.44,20.5623,32.2362,9.3118,3.0584,1.8296,0.5188,0.6554,10.2675
1998-11-01,2.06964354535,1.90621922874,4.03956444471,11.0940122095,81.35,17.2037,35.7736,8.6769,5.0741,3.2126,0.9007,1.9816,8.5268
1998-12-01,1.93208544729,1.78728882573,4.04030069496,11.0967356118,93.24,35.6602,31.6371,6.922,5.9458,2.544,0.355,2.0707,8.1053
1999-01-01,2.02837191448,1.90889015246,4.04648140474,11.0926180426,76.8,23.6634,20.6383,8.7642,9.2166,2.3183,0.7068,2.2335,9.259
1999-02-01,1.9867841849,1.83027157274,4.04742414631,11.0918705702,78.43,25.3987,32.2839,4.4065,5.3245,2.6623,0.3672,0.8568,7.13
1999-03-01,2.1869235917,2.02696589299,4.05157805631,11.086517059,112.96,52.8867,29.3013,11.3487,5.2165,4.0789,0.7492,1.6926,7.6861
1999-04-01,2.34506935798,2.22098400873,4.05070713235,11.068552264,162.66,116.4071,20.6732,5.3512,4.6769,4.4187,1.9798,2.2094,6.9437
1999-05-01,2.36787634281,2.21644956454,4.05677856446,11.0567459686,124.43,75.8479,25.2074,5.0753,3.4963,5.5829,1.2688,1.1278,6.8235
1999-06-01,2.37909980518,2.25698261384,4.0591692258,11.0550391951,111.86,71.7305,20.7467,5.14,5.1974,1.6081,0.0287,1.4358,5.9728
1999-07-01,2.4896942113,2.43761506225,4.06606178822,11.0643700103,90.36,26.0215,34.1171,6.9086,9.2825,3.4695,0.3043,1.8261,8.4304
1999-08-01,2.54434541486,2.49324996398,4.06901942013,11.0664595964,79.68,25.7727,23.022,8.3716,7.5046,2.9301,0.8073,1.8537,9.4181
1999-09-01,2.65208297263,2.59768890057,4.07626986785,11.0632071543,83.14,32.2803,24.5389,8.501,5.5797,2.8629,0.4674,2.1325,6.7774
1999-10-01,2.60253544437,2.57165359893,4.08086289052,11.0730934521,72.53,20.8882,21.5722,6.0507,4.5775,5.472,5.5772,1.2628,7.1294
1999-11-01,2.69770390905,2.68076118832,4.09061815962,11.0795281343,71.17,17.3394,28.6976,4.7124,5.2864,2.1448,1.7219,2.8396,8.428
1999-12-01,2.73839091815,2.71395689282,4.0956955454,11.0692625879,90.5,21.8027,30.2337,18.1546,3.7918,4.1652,2.4991,1.465,8.3879
2000-01-01,2.77891832312,2.712568429,4.09594895719,11.0720124756,71.79,16.9618,26.079,11.2617,4.8146,2.2966,2.7947,0.6918,6.8898
2000-02-01,2.84934549415,2.79368808626,4.10503388415,11.0830815324,79.49,23.7068,30.2406,7.4879,5.493,2.1394,0.8384,2.3418,7.2421
2000-03-01,2.85935640482,2.77732893166,4.11073627236,11.0858254901,64.15,15.6261,28.5442,5.0273,3.2392,2.4618,0.5183,1.7881,6.9449
2000-04-01,2.71136049524,2.58909620512,4.11802832028,11.0934847464,65.3,9.9311,31.19,3.9499,7.7869,1.6928,0.79,1.0721,8.8872
2000-05-01,2.8223658269,2.78521313717,4.12600874816,11.0994761295,76.38,27.5904,22.5951,4.3794,9.1421,2.9835,2.7919,0.8759,6.0217
2000-06-01,2.9166086169,2.85102198751,4.12697944933,11.0941486733,71.29,11.884,31.3958,5.6656,5.9973,4.2285,2.3768,1.3819,8.3602
2000-07-01,2.84476124664,2.80981421657,4.13065328086,11.1050134933,61.16,5.2772,31.2298,5.6447,5.8023,1.8378,2.6517,1.8903,6.8262
2000-08-01,2.89595352583,2.86145612522,4.13542151207,11.1130678545,54.74,8.7391,19.4794,7.4979,4.3316,2.8371,0.8612,1.1906,9.803
2000-09-01,2.97124125355,2.94915739576,4.13416648135,11.1121795041,56.8,7.0677,25.1063,6.452,3.6693,2.1178,1.1821,2.044,9.1609
2000-10-01,2.94652511619,2.87938581335,4.13824288236,11.1233728429,85.32,24.9897,25.8081,17.1401,5.5558,0.6685,3.3658,1.8673,5.9247
2000-11-01,2.98360391235,2.92774349022,4.14304228117,11.1359241278,50.65,14.2188,16.5607,7.8861,3.3814,0.7408,0.4779,1.4099,5.9743
2000-12-01,2.79046914752,2.68760590177,4.14140891275,11.1141265598,55.69,11.1957,20.6594,8.4345,4.2172,1.2802,0.3514,2.7362,6.8153
2001-01-01,2.8243979712,2.68033480126,4.13440767468,11.1192437168,53.15,6.8541,21.7499,7.3984,4.3797,2.0785,2.9198,1.5836,6.186
2001-02-01,2.82279833306,2.74887219562,4.13337114381,11.1104064001,61.07,12.8683,22.2197,8.4244,6.2706,1.3632,0.1908,1.8539,7.8791
2001-03-01,2.7391716916,2.63279128804,4.12951437533,11.1183457046,61.54,16.0072,23.2056,6.9056,4.3678,1.1225,0.366,1.8057,7.7596
2001-04-01,2.74623834459,2.6773494016,4.12206169081,11.1079521409,74.66,17.5717,37.8356,5.1481,4.7278,1.1032,0.7354,0.8405,6.6977
2001-05-01,2.78178209202,2.77054207203,4.11918899738,11.0958001858,70.8,16.9951,25.9948,9.9911,6.5663,2.163,1.4163,1.8798,5.7938
2001-06-01,2.74288922355,2.7519064172,4.11466805081,11.0713823574,76.1,14.8757,29.9992,10.4405,7.851,1.8595,1.4325,2.2313,7.4103
2001-07-01,2.70126284473,2.62991598052,4.10849729633,11.1067587932,77.52,14.2176,34.515,6.0662,8.0973,2.0582,0.7583,1.9228,9.8846
2001-08-01,2.73621063917,2.67247559493,4.11511809895,11.1084436585,70.26,21.0582,25.0033,7.3097,7.0986,1.0819,0.1847,1.0819,7.4416
2001-09-01,2.68858440646,2.66619829216,4.10602648705,11.0982336817,262.59,36.8507,24.6685,182.2275,4.3309,1.6209,0.2533,2.1781,10.46
2001-10-01,2.52437637906,2.44801055993,4.10131532931,11.0976544725,243.16,86.2907,21.5641,111.0541,3.4156,1.5029,0.2277,1.7306,17.3743
2001-11-01,2.40376788,2.36005644691,4.09743358803,11.0957230636,187.45,66.2025,27.864,58.0531,6.6514,6.0162,0.2876,1.582,20.7932
2001-12-01,2.39152058537,2.3558212564,4.09519877632,11.0969490301,156.47,59.0681,25.2562,44.1662,4.7275,3.0318,1.1048,2.9033,16.2122
2002-01-01,2.4067068,2.39137691369,4.10324041999,11.0906244808,112.13,31.4716,26.836,28.2643,5.1116,4.6105,0.3007,1.7289,13.8064
2002-02-01,2.45448605309,2.43302181442,4.10420212919,11.0927181156,110.92,30.4623,28.4314,27.0286,6.8674,2.4851,0.7215,1.2425,13.6813
2002-03-01,2.62047844304,2.58605663291,4.10931261236,11.0836973926,122.56,41.9419,28.2977,24.1059,8.2886,4.8449,0.3087,2.4937,12.2786
2002-04-01,2.68110556586,2.66376743167,4.11389075215,11.0703664876,134.07,52.4673,28.9923,23.6831,5.9338,1.6396,5.5044,1.9779,13.8716
2002-05-01,2.71231222923,2.6477737081,4.12140090685,11.0826921904,117.75,29.3547,28.1643,34.0426,5.9887,4.7125,1.1536,2.8962,11.4375
2002-06-01,2.6539004886,2.59581965056,4.12173097147,11.0833557511,116.33,25.1489,28.5439,35.9606,3.6561,7.3645,1.0446,0.679,13.9324
2002-07-01,2.70693847225,2.66025953727,4.12880589648,11.0969240007,97.58,27.209,22.7066,26.4586,4.0577,2.4735,0.9172,1.0005,12.7568
2002-08-01,2.7554763787,2.69222855883,4.13096764926,11.092865505,106.32,33.9917,27.7921,23.871,3.4442,3.1528,0.7418,1.5896,11.7368
2002-09-01,2.79757807474,2.7541678832,4.13342565499,11.0935056361,135.03,48.2593,31.2921,36.0839,4.0964,3.793,1.5931,0.9103,9.002
2002-10-01,2.7673321048,2.72120828568,4.13687137293,11.1143871631,142.94,40.0966,27.6939,48.1205,5.4792,8.4595,0.9629,1.215,10.9125
2002-11-01,2.67538280727,2.59603561984,4.14108016703,11.117506297,121.9,29.3762,32.1435,34.6604,6.2108,4.3826,0.6762,1.0268,13.4234
2002-12-01,2.78529641528,2.74618431809,4.12866468387,11.107413312,126.92,36.8691,31.3552,22.3349,7.2925,13.5178,0.8639,1.1942,13.4924
2003-01-01,2.89286347878,2.83764908146,4.14797217008,11.1468611211,138.18,55.8603,29.1736,16.8346,7.3412,15.5553,0.4304,0.6935,12.2912
2003-02-01,2.97119623912,2.88192417051,4.15272573264,11.1657341942,166.03,75.2019,33.9553,27.9084,5.6823,9.8308,0.2011,0.704,12.5462
2003-03-01,2.90262195613,2.81210480734,4.15641663038,11.1662684026,245.09,177.3327,23.2749,21.7403,3.2824,5.3498,0.3837,0.7673,12.9589
2003-04-01,2.73284931564,2.61346755862,4.1530002858,11.1469866003,199.99,131.6321,24.42,15.6597,3.722,5.5149,0.4312,1.7702,16.8398
2003-05-01,2.73235601551,2.64892800393,4.15156726258,11.1443167532,111.87,31.5352,25.1539,27.66,3.7592,5.5459,0.1392,1.9028,16.1737
2003-06-01,2.81809660775,2.71476346228,4.15408744239,11.1416271619,108.87,37.2821,25.3895,17.7347,7.7896,6.7118,0.8328,1.4207,11.7088
2003-07-01,2.8180813384,2.73649322394,4.16053677453,11.1481551993,109.48,42.1796,24.5066,15.0239,8.6509,5.7587,1.2029,1.3053,10.852
2003-08-01,2.83972802508,2.7850446988,4.16080879856,11.1547242855,105.33,30.7228,18.2285,28.5724,8.8238,5.3141,0.5685,1.3841,11.7157
2003-09-01,2.72748906553,2.68417662992,4.16679589682,11.1541575752,102.33,35.4946,25.3959,20.7943,3.3331,3.7559,0.5223,1.0198,12.0139
2003-10-01,2.79782202152,2.77346718971,4.18074008927,11.1723440512,89.2,29.5538,20.3622,17.4816,5.0356,3.9801,1.0555,1.6382,10.0931
2003-11-01,2.82234367182,2.74345212815,4.18046902249,11.178110694,101.71,35.6249,22.0938,22.4986,3.1159,4.2936,1.7911,2.0609,10.2311
2003-12-01,2.85190547707,2.77695921163,4.19073907058,11.1863145077,109.31,32.2049,27.2303,27.4117,2.6427,5.0782,0.5441,1.2436,12.9545
2004-01-01,2.91324876525,2.82079082406,4.19220333821,11.1798544297,85.5,23.2735,24.6375,17.6825,3.1457,5.5296,0.4669,0.7127,10.0516
2004-02-01,2.92211859642,2.80512798238,4.19893126434,11.1790792374,92.3,19.2657,22.0679,19.9912,8.8322,9.7829,0.9758,0.8007,10.5836
2004-03-01,2.9773930325,2.88894547846,4.20020179627,11.1864018245,103.7,26.2473,20.8227,31.0638,5.0354,4.9138,4.9624,1.0217,9.6329
2004-04-01,2.97606304184,2.88615321981,4.20581217383,11.1807716207,116.01,51.445,19.9328,26.0475,3.6832,3.1295,0.6741,0.7222,10.3757
2004-05-01,3.06352002669,2.99387081842,4.210531566,11.186731159,120.21,48.6927,22.0393,24.2236,4.8717,3.0924,0.7363,1.1044,15.4496
2004-06-01,3.00232773342,2.92443015079,4.21413592045,11.2062856106,110.56,33.3343,23.3567,28.4211,3.1495,5.2156,0.8063,0.3275,15.9491
2004-07-01,3.07108597547,3.00625314914,4.2182286542,11.2106932778,97.74,24.4039,20.7931,26.9688,4.7563,2.7392,0.3237,1.6684,16.0866
2004-08-01,3.16680332412,3.11750077926,4.21470039327,11.1969140116,110.78,30.3634,16.5055,36.9704,5.3667,3.5062,1.0018,0.5247,16.5413
2004-09-01,3.18653549707,3.12503979506,4.22234573942,11.2028977513,107.09,33.1294,16.7236,30.8801,3.2274,8.753,0.7579,1.6626,11.9559
2004-10-01,3.32950545321,3.26155772391,4.22739499297,11.212489135,91.02,31.9612,16.197,20.457,4.8978,4.5789,0.2961,0.7745,11.8573
2004-11-01,3.23018358579,3.1129935247,4.22456496507,11.2131245484,101.95,36.3153,23.2095,17.1658,6.4802,7.1678,0.5554,1.0051,10.0508
2004-12-01,3.11392095347,3.0280676542,4.23040380005,11.2082483108,90.35,27.9687,23.1389,18.0133,4.0659,2.686,0.5914,0.5914,13.2944
2005-01-01,3.19649785918,3.14547420348,4.23844078497,11.2009198525,82.01,23.2838,17.4689,15.7148,4.8057,2.6912,0.2643,0.6968,17.0844
2005-02-01,3.219914786,3.16286631664,4.2409776632,11.2117983314,77.8,15.0264,22.8222,13.7798,3.3909,7.1143,2.2939,0.9641,12.4084
2005-03-01,3.33445838613,3.3141389248,4.24246770089,11.211279334,75.08,14.6591,26.8325,13.2569,3.1797,4.0366,1.7563,0.5665,10.7925
2005-04-01,3.30877409942,3.28779297502,4.25092311383,11.2186348172,62.75,11.5955,21.9359,12.0844,3.313,3.2108,0.9778,0.5692,9.0633
2005-05-01,3.24799322344,3.22402781978,4.24880431695,11.221932036,78.13,16.0161,25.9595,13.4941,4.6022,7.0404,0.3657,0.4724,10.1796
2005-06-01,3.37044185606,3.33430422914,4.25053400384,11.213753489,72.47,19.5569,22.299,13.6884,3.3851,3.3851,0.34,0.1626,9.6528
2005-07-01,3.41022102338,3.38481629289,4.25207838905,11.2147480014,99.25,16.0503,21.65,44.2827,2.9792,2.6829,0.1248,0.4835,10.9966
2005-08-01,3.50077886469,3.48511598731,4.25663616287,11.2160319236,87.08,21.7397,22.2892,19.5253,5.843,5.4147,0.6304,0.194,11.4436
2005-09-01,3.49629413707,3.45457602535,4.25653167894,11.1986067392,59.23,14.0147,15.5507,11.6365,3.6382,4.3035,0.0142,0.184,9.8882
2005-10-01,3.44268213993,3.38107325618,4.26218365933,11.2076410971,64.8,14.0952,17.743,14.3141,3.6478,1.3424,0.2043,1.0943,12.3588
2005-11-01,3.38234331998,3.32808556082,4.27200794672,11.2168831294,71.81,16.0393,20.931,16.4862,6.2242,2.5376,0,0.4628,9.1289
2005-12-01,3.40086079465,3.35699033851,4.27688470998,11.2184906708,81.18,20.7535,23.4108,14.4095,6.082,1.5532,0.0187,0.3181,14.6341
2006-01-01,3.492256418,3.4533349424,4.28072354824,11.2137835115,73.17,14.3403,25.2427,11.9919,3.5185,7.9247,0.1453,0.694,9.3127
2006-02-01,3.43100609343,3.40769577994,4.28269966257,11.2201501774,81.69,12.054,33.2904,11.7535,7.8468,5.6263,0.6511,1.3356,9.1323
2006-03-01,3.44655589085,3.43645560459,4.28802067447,11.2218003922,75.78,14.2939,25.1871,13.2638,7.5279,5.0515,0.4798,1.1571,8.819
2006-04-01,3.54382200054,3.55556157702,4.28862953439,11.2119786029,76.69,16.005,20.083,13.0495,9.125,8.1075,0.4845,1.3405,8.4951
2006-05-01,3.56079766626,3.5457212891,4.2939362219,11.2074424653,79.25,18.493,22.3026,10.7026,10.8821,5.6939,0.6689,1.3052,9.2016
2006-06-01,3.55986848167,3.52560235236,4.29803339597,11.2130968274,85.79,29.5064,19.8997,13.2872,7.3298,6.8931,0,0.3587,8.5151
2006-07-01,3.60204728057,3.59205259985,4.30001819689,11.226463661,118.35,63.656,19.0898,13.6518,5.9775,5.6208,0.2784,0.7483,9.3274
2006-08-01,3.57903830149,3.58163623827,4.30363057699,11.2133998674,122.28,53.664,15.7595,30.0154,6.8403,5.2346,0.0742,1.188,9.504
2006-09-01,3.44870310462,3.41943892982,4.30654396083,11.2124761436,97.05,29.6654,28.6329,16.9097,5.9093,3.9872,1.6203,1.382,8.9433
2006-10-01,3.37306895763,3.35455943176,4.30707840126,11.2147393241,90.43,26.5371,18.6536,12.1123,8.3848,13.2928,0.5013,3.8326,7.1154
2006-11-01,3.37579494625,3.37036383989,4.31552121274,11.2130780539,90.63,27.5436,26.0917,11.0879,9.9439,4.7343,1.0032,0.6688,9.5567
2006-12-01,3.41796073295,3.42615815891,4.32192972963,11.2073227324,99.78,32.4511,28.0989,10.5496,9.6872,3.55,1.9053,1.6246,11.9134
2007-01-01,3.28819798242,3.27285430401,4.32518824706,11.2113794236,93.93,39.591,21.259,12.6091,6.0231,3.9216,0.5066,0.5629,9.4568
2007-02-01,3.3682149432,3.33877084423,4.32920172502,11.2175817436,88.82,28.0901,24.8831,13.6007,5.0037,5.7185,0.3284,1.0336,10.1619
2007-03-01,3.38240745212,3.40869682637,4.33419194978,11.2148806981,78.28,21.3428,27.5191,11.2202,5.462,3.049,0.1568,1.9688,7.5614
2007-04-01,3.43633067976,3.48973958399,4.33486632013,11.2153946794,85.3,29.0701,25.8186,14.2353,3.9018,3.0279,0.2439,1.4428,7.5596
2007-05-01,3.42404545473,3.48145771456,4.3423509693,11.2100297159,98.17,35.6697,26.4978,14.5459,5.7851,1.9773,0.5286,2.2514,10.9143
2007-06-01,3.48330103516,3.53470545094,4.3435133372,11.2067806264,91,30.4106,23.803,14.9348,7.7862,3.072,1.0626,1.1786,8.7522
2007-07-01,3.57522798535,3.6124385014,4.34815632147,11.2175141051,95.08,31.0078,21.4945,23.9519,3.6492,3.6914,0.3375,0.8859,10.0617
2007-08-01,3.55088801126,3.52852822003,4.35442268775,11.2049478101,73.13,21.7352,21.9205,12.8641,4.5693,1.8524,0.3911,1.3379,8.4595
2007-09-01,3.64603188483,3.61101653096,4.35500200961,11.2098624567,83.58,27.5893,22.2511,13.2678,5.7528,3.5761,0.1037,2.0213,9.0179
2007-10-01,3.71394626258,3.67278427243,4.36379709337,11.2261316512,77.13,22.8973,27.1774,8.6984,3.3036,4.1498,0.1302,2.4574,8.3159
2007-11-01,3.80555199549,3.7803342899,4.36517434451,11.2189336345,77.63,16.1222,31.2879,9.5099,5.405,3.5105,3.1019,1.3559,7.3367
2007-12-01,3.76961859066,3.76129524834,4.37083182231,11.2244555089,80.53,15.6878,22.7565,18.8702,4.4677,7.5685,0.612,1.428,9.1393
2008-01-01,3.7800403537,3.77150668053,4.37650395869,11.2216187381,81.59,17.7197,23.2296,14.4358,10.6671,2.8872,0.3967,1.8734,10.3806
2008-02-01,3.80332233575,3.7991202075,4.37749507859,11.2228896647,87.03,21.3923,27.3058,16.0678,6.0078,3.6989,1.5078,1.0838,9.9658
2008-03-01,3.90001384963,3.8827002984,4.37359790771,11.2258499952,84.04,23.4141,28.8097,12.384,6.5504,2.9865,0.1593,0.5575,9.1785
2008-04-01,3.96312931577,3.93145511368,4.37668060313,11.2183682662,80.14,23.1661,26.5422,8.597,5.4777,3.6518,0.5706,0.3994,11.7352
2008-05-01,4.06507381187,4.04412219938,4.36979355723,11.222449052,75.71,16.7646,22.8949,9.951,7.1023,3.1758,0.8276,0.1925,14.8013
2008-06-01,4.12008534122,4.10836469615,4.36849132996,11.2227338329,80.42,20.0726,27.2902,9.9773,4.2928,5.0005,0.2359,1.8162,11.7346
2008-07-01,4.10915262011,4.10426704536,4.365303565,11.2328070359,88.09,20.0322,29.6982,15.496,3.5924,4.5971,0.6089,2.0093,12.0559
2008-08-01,3.97686442092,3.94702444433,4.35665856468,11.2183157853,98.92,43.0135,20.7866,16.6736,4.8747,2.7974,1.4679,0.8309,8.4753
2008-09-01,3.86210829027,3.79373956361,4.34564052989,11.2048542461,80.21,29.2709,16.902,14.5318,2.9012,5.4656,0.6476,0.6994,9.7915
2008-10-01,3.56402349072,3.49611157953,4.33418317665,11.2182380188,64.95,19.4406,18.2333,9.6341,2.8089,1.8972,0.1971,0.616,12.1227
2008-11-01,3.29163509684,3.20302030312,4.3037577801,11.216133409,76.68,20.9679,21.6426,16.2319,4.1558,2.0779,0.1619,0.3508,11.0911
2008-12-01,2.96792219448,2.93905624555,4.2727487797,11.2057277416,92.53,23.3741,22.4968,25.0989,4.4012,3.0035,2.3196,0.7435,11.0923
2009-01-01,2.97964090721,3.02028067463,4.24392114175,11.1911381649,85.32,42.1166,18.7386,9.7803,2.257,1.7833,0.3065,0.5016,9.836
2009-02-01,2.91113063658,3.0138783789,4.2403630918,11.1965078259,77.27,19.0718,26.1222,10.597,4.8142,5.1561,0.3703,0.3134,10.8249
2009-03-01,3.11620195632,3.08656388519,4.2401063867,11.1942291444,80.42,17.4725,31.1383,11.0552,3.967,2.5377,1.8668,0.7146,11.6678
2009-04-01,3.15024354205,3.1608616925,4.24627409343,11.1981345936,81.18,17.1276,24.7416,12.6542,4.9636,6.3424,0.5822,0.7047,14.0636
2009-05-01,3.32182052848,3.29207536295,4.25341718932,11.1926537936,84.84,25.3269,24.1434,10.4824,5.8499,8.6226,0.3043,0.1014,10.009
2009-06-01,3.47884849427,3.46394767607,4.2617368546,11.1944639001,96.27,18.0344,32.0156,13.6838,10.4116,7.2509,2.1567,2.4913,10.2257
2009-07-01,3.39703148029,3.40154194754,4.27104746836,11.2075837753,88.88,21.35,23.7424,12.868,10.1132,3.0086,6.1984,1.0874,10.5119
2009-08-01,3.49584838398,3.51618901282,4.2789995221,11.200206434,86.3,22.0434,26.4521,16.2019,4.8496,2.0206,1.4696,0.7348,12.528
2009-09-01,3.47056645332,3.44488285859,4.29278394478,11.2061906496,91.3,25.6534,26.7343,15.1326,2.6662,7.8185,2.2339,2.1618,8.8994
2009-10-01,3.55458039531,3.51484185133,4.29921561536,11.2123821738,88.44,26.2142,23.4479,16.565,2.2065,7.0475,2.0747,1.5149,9.3693
2009-11-01,3.58077568577,3.56357513238,4.30852523039,11.2140548873,86.8,18.4197,26.7405,21.5133,2.3113,4.4093,1.778,0.7467,10.8811
2009-12-01,3.53407139099,3.53393709972,4.31429857903,11.2099548223,100.79,25.7776,23.5298,26.3214,4.7495,5.0395,1.2689,1.6315,12.4719
2010-01-01,3.58395718077,3.55599419378,4.32535496924,11.2124356686,104.68,16.7758,27.5829,35.6931,3.609,1.9036,0.7139,1.9433,16.4585
2010-02-01,3.55983053683,3.52465973449,4.32924791863,11.2166774083,95.17,20.8411,31.0272,16.7922,3.4096,6.9044,1.6622,1.6622,12.8712
2010-03-01,3.62056267319,3.5909410611,4.33957269249,11.2199863176,93.46,14.9488,35.2904,20.1829,3.8463,2.6963,0.3172,2.6963,13.4817
2010-04-01,3.65768064596,3.66394877599,4.34573958766,11.2166713432,91.49,15.4538,26.8798,17.2623,4.2745,7.5625,4.3567,2.3016,13.3988
2010-05-01,3.52448271192,3.55401254815,4.35193162894,11.2164005959,109.31,21.3689,28.1005,28.1396,7.2012,3.8354,0.7827,1.6829,18.1988
2010-06-01,3.54636740425,3.53863918458,4.35125796748,11.2114780832,106.34,30.6655,30.4182,14.4672,7.0893,2.1021,0.1649,4.946,16.4868
2010-07-01,3.55742372047,3.54768039125,4.3541943307,11.2148506539,97.73,24.6219,31.1457,19.4239,3.5355,2.7358,0.1684,2.4411,13.6578
2010-08-01,3.55962547335,3.56535316409,4.35856583645,11.2131524028,96.3,26.7692,28.2348,15.5184,2.5002,3.2761,0,2.2846,17.7168
2010-09-01,3.54009745472,3.57406988817,4.36220723226,11.2173405935,91.95,18.6799,35.0404,17.2303,2.8579,3.1893,0.1657,1.8224,12.9641
2010-10-01,3.62131553487,3.63079543085,4.36858340992,11.2218326485,85.75,14.8878,31.1484,20.2629,1.7015,3.2869,1.5468,1.5081,11.4076
2010-11-01,3.64719658396,3.65934797515,4.37502897771,11.226208739,105.44,19.3337,36.7429,23.4958,3.0433,6.4446,0.358,0.537,15.4848
2010-12-01,3.6997198276,3.72519185813,4.38248309563,11.22742058,102.88,23.5179,36.8823,16.5754,4.6862,4.5561,0.0868,1.6489,14.9265
2011-01-01,3.69670634856,3.77591192917,4.39065740519,11.2375067382,104.25,10.8278,38.5036,19.2302,12.8634,2.7719,1.949,1.5592,16.5449
2011-02-01,3.68685846765,3.84464732983,4.38986092558,11.2317467155,132.47,12.1623,37.4259,13.1484,38.0364,2.0192,3.5219,2.301,23.8549
2011-03-01,3.83116099812,3.93958894129,4.38458665176,11.2177670967,143.18,46.7617,18.5225,11.0933,34.7778,12.9961,0.4858,1.6195,16.9233
2011-04-01,3.88930752606,4.00740498726,4.38337348044,11.2156867619,123,34.2993,22.7287,15.1091,31.7594,4.3417,0.6947,0.9552,13.1119
2011-05-01,3.80406230529,3.93477754599,4.3903427127,11.2071653606,125.6,38.5437,32.3131,19.5941,17.3167,2.3204,0.6445,1.9336,12.9338
2011-06-01,3.75698524181,3.92463848527,4.39709985261,11.2178248586,117.71,37.2763,26.1626,14.357,18.2922,1.6433,0.4757,1.6865,17.8165
2011-07-01,3.76511475661,3.94923325908,4.40192273883,11.2231082836,100.63,16.6446,27.5812,18.0389,14.8799,1.4379,0.61,1.4379,19.9996
2011-08-01,3.64234343237,3.88664463858,4.40694972563,11.2292568168,101.45,26.2635,21.3081,11.4875,21.8487,0.9911,0.4505,1.802,17.2988
2011-09-01,3.63074734339,3.90787933782,4.40701644097,11.2209894327,111.15,17.7525,37.0354,20.4198,16.3096,2.5798,0.1312,1.2243,15.6974
2011-10-01,3.63938341794,3.87770316303,4.40513589116,11.2286778302,99.51,22.5355,31.7741,13.4695,13.599,1.3383,0.259,1.6837,14.851
2011-11-01,3.75583505625,3.88693193164,4.40765890902,11.2416274336,100.94,15.8312,33.6467,8.843,13.89,7.247,0.4314,3.4941,17.5567
2011-12-01,3.76990377166,3.86016507026,4.41316919669,11.2462932112,107.82,13.8849,42.4583,10.849,14.7778,5.8486,0.8483,3.9288,15.2243
2012-01-01,3.78438432725,3.88325128111,4.41657180827,11.2485080529,96.3,12.7189,33.4411,11.6806,13.4111,4.8453,1.0383,5.1914,13.9735
2012-02-01,3.80131429245,3.95627537906,4.42557941171,11.2514029548,105.68,12.7465,36.6635,12.9782,17.3816,8.1114,1.4832,3.3836,12.9319
2012-03-01,3.83723872257,4.00419860536,4.42396565715,11.25000239,104.79,20.5868,30.1208,13.4573,14.5542,10.0403,1.6453,3.1218,11.2637
2012-04-01,3.80846289001,3.95603815807,4.42265450931,11.2541170994,91.57,16.0149,26.8523,9.4773,12.8558,7.7661,3.203,2.1938,13.2068
2012-05-01,3.72299376803,3.87626875139,4.42675799147,11.2450359611,104.46,18.3164,36.5458,13.0956,9.7455,6.1345,0.8266,3.0455,16.7501
2012-06-01,3.58390005603,3.72908863378,4.42454614567,11.2423645784,91.42,14.1355,28.9846,10.4059,14.9642,3.8677,1.8878,1.8878,15.2865
2012-07-01,3.64943998481,3.80427302563,4.42680467048,11.245691021,90.63,12.3565,26.183,11.7135,17.9147,2.8939,1.3781,3.4451,14.7452
2012-08-01,3.71212426793,3.89801605776,4.42548302023,11.2454242164,87.34,16.2043,21.792,13.8403,15.8175,5.5017,0.7737,2.6219,10.7886
2012-09-01,3.71139319152,3.88883565505,4.42195840214,11.2379000054,101.94,12.7636,38.3332,19.0187,10.7772,7.7765,0.2958,1.4792,11.4957
2012-10-01,3.65412126495,3.87590060534,4.42491955047,11.2459316342,92.63,16.8647,24.6678,23.0316,10.8656,3.7337,0.0839,3.2723,10.1104
2012-11-01,3.62216630855,3.85357332343,4.42566728327,11.2528926253,79.74,27.0854,19.3378,10.0532,9.5131,2.451,0.2908,1.6201,9.3885
2012-12-01,3.63754086141,3.85762944375,4.42960286833,11.2513695074,84.33,15.4382,22.7557,11.0209,18.9631,3.4357,0.2677,2.0525,10.3962
2013-01-01,3.71116477239,3.88685116684,4.43177429691,11.2440064047,89.21,24.955,21.1354,14.4722,13.199,3.4377,0.5093,1.5279,9.9735
2013-02-01,3.7115368922,3.90842328797,4.43227972598,11.2412138206,86.96,19.098,23.8844,11.9422,11.9422,8.388,0.2369,0.7108,10.7574
2013-03-01,3.68917215888,3.84369167228,4.43914387916,11.2439198928,83.03,12.5313,28.0501,8.0084,11.2864,6.2656,1.1618,2.2822,13.4441
2013-04-01,3.68131414209,3.78672899228,4.4420702238,11.2494713739,109.99,13.9446,20.8286,42.3632,10.0171,11.2969,0.8384,1.4783,9.2228
2013-05-01,3.70759977661,3.78934212078,4.44438504913,11.2477124848,93.34,19.8322,24.8629,23.3246,9.6042,2.7025,0.2079,1.2473,11.5584
2013-06-01,3.71846603162,3.7904685355,4.44292300583,11.2484181678,88.76,14.2817,31.7222,11.8792,15.3495,3.2034,0.1335,2.0911,10.0995
2013-07-01,3.80537355296,3.83604387794,4.4473875856,11.2551104808,81.37,8.9005,25.9336,10.9337,10.0752,1.8976,12.0632,1.2199,10.3463
2013-08-01,3.8209786097,3.86422611108,4.45246783685,11.2519282147,106.65,28.0559,22.5759,19.2504,12.131,2.4356,9.3676,1.4988,11.3348
2013-09-01,3.81797089735,3.86672073975,4.4559718192,11.245805898,118.48,42.2804,34.9966,18.6189,8.5768,3.4479,1.6378,0.9051,8.0165
2013-10-01,3.7618202602,3.84334615991,4.45703951369,11.2494540779,88.12,9.9448,32.9477,15.4794,9.426,6.0101,1.3404,1.2107,11.7609
2013-11-01,3.69122612186,3.82960670128,4.46221284049,11.253374662,89.34,9.3101,35.9791,11.8784,10.4108,9.4477,2.2243,1.6969,8.3928
2013-12-01,3.72796595524,3.8541468303,4.46481295173,11.2588771787,92.9,10.0184,36.0525,12.2243,17.5552,3.5386,3.3088,1.8842,8.318
2014-01-01,3.69422876048,3.82760161169,4.46768871769,11.2617421663,99.21,13.4249,31.5485,16.7811,22.4643,3.222,2.0585,1.1635,8.5472
2014-02-01,3.75659646573,3.83368974701,4.47210862494,11.2680170993,98.96,9.5482,36.6519,13.1667,20.497,3.5951,3.5951,1.1206,10.7854
2014-03-01,3.75435809957,3.81852452768,4.47392192664,11.2597588148,127.36,49.9131,32.8172,11.7695,11.8984,1.6752,1.0739,6.572,11.6407
2014-04-01,3.76501614618,3.81926382587,4.47682396109,11.2571119965,100.67,23.0949,32.4786,14.3033,14.5311,2.2776,0.5466,4.4641,8.9738
2014-05-01,3.76419206019,3.83374587564,4.47786309948,11.2593345929,105.86,19.8649,29.2383,18.5319,19.4779,2.0209,3.0528,4.0418,9.6315
2014-06-01,3.797591833,3.85284739673,4.47823932904,11.2632272053,124.05,47.4123,33.3876,17.5082,11.6269,1.0858,0.7691,1.7644,10.4958
2014-07-01,3.77545178367,3.80568797179,4.48206003449,11.2664865516,143.14,68.3716,23.594,15.8066,11.5884,3.5229,0.788,6.2577,13.2108
2014-08-01,3.70512842798,3.75631295325,4.47743599644,11.2707433169,131.36,70.2192,22.1404,12.7377,8.8006,0.9264,0.8801,4.3076,11.3481
2014-09-01,3.66995442138,3.71073779269,4.48694469034,11.2800800955,138.7,67.8571,25.9667,16.1048,6.7857,1.6286,0.3619,4.2071,15.7881
2014-10-01,3.5708647444,3.60613581599,4.48696121679,11.2924289,105.47,34.4263,25.156,17.4449,7.7954,2.2333,0.3371,1.854,16.2229
2014-11-01,3.46514813521,3.51218379712,4.48953436104,11.2894751593,94.14,26.3022,25.6457,13.898,6.8811,6.0662,0.996,1.4487,12.9021
2014-12-01,3.22271181176,3.27287442838,4.49518943032,11.3003237702,115.05,24.877,37.2914,24.1071,6.2553,0.8661,0.2887,4.1863,17.1781
2015-01-01,3.00147937919,3.01285031662,4.49219800856,11.291110558,127.56,19.9479,32.4092,46.9958,6.5205,2.7048,2.4633,2.898,13.6206
2015-02-01,3.06768665189,3.2062960745,4.49293993238,11.2896568957,117.94,38.3769,27.2985,25.3902,6.3078,3.4984,2.5973,1.4842,12.9867
2015-03-01,3.00888404308,3.16482555433,4.49270286145,11.3012762893,112.11,28.6071,28.5143,23.7851,5.7029,10.4321,0.0927,1.901,13.0749
2015-04-01,3.13768099454,3.22671053568,4.4937858613,11.2963610758,111.91,32.1413,30.1933,17.3368,3.7985,11.7364,0.4383,1.9967,14.2688
2015-05-01,3.21920910125,3.29723812821,4.49315813326,11.2956136782,103.42,26.9268,34.9711,14.0655,6.0694,3.9017,1.7341,0.6744,15.0771
2015-06-01,3.22568178148,3.25305364695,4.49684797296,11.3012162318,105.4,27.3798,32.3625,16.7239,5.032,5.624,0.444,2.4667,15.3672
2015-07-01,3.06261958893,3.16805868697,4.49932138343,11.3075368231,119.21,21.002,42.153,21.002,6.3056,13.2566,0.2483,1.0923,14.1503
2015-08-01,2.89093314708,2.97264319412,4.49892120905,11.3043441205,104.05,21.5439,26.1566,19.7092,5.0321,9.3828,0.4718,1.7822,19.9713
2015-09-01,2.95228365248,2.99826382466,4.503105798,11.302975657,114.93,23.6333,36.604,9.4332,9.082,6.6735,1.7562,1.1541,26.5937
2015-10-01,2.96743459565,3.01414144721,4.50273103794,11.3024122415,103.79,41.5389,23.2123,14.7256,3.9452,2.8901,0.5046,0.8716,16.1018
2015-11-01,2.88091940004,2.92313533304,4.50152652091,11.3106768509,154.83,25.1331,27.3727,73.0603,5.2257,1.1944,0.2986,1.4433,21.1019
2015-12-01,2.74994412648,2.77175350155,4.50044139731,11.3128658084,139.17,26.6265,29.929,51.447,6.3986,3.6637,0.516,2.1673,18.4218
2016-01-01,2.59004833417,2.55862542182,4.50735558917,11.3119764085,117.86,13.7735,37.6494,28.2054,8.8617,8.4059,0.5064,3.7472,16.7105
2016-02-01,2.54750088813,2.60703846892,4.50548370988,11.3027402407,96.14,24.6975,27.8244,15.4227,7.9498,3.4449,0.848,2.385,13.5677
2016-03-01,2.75823681255,2.7756606958,4.5045065704,11.3013176455,109.98,17.852,30.1654,33.7753,5.0935,4.8957,0.3956,3.2638,14.5387
2016-04-01,2.83619594711,2.85635938985,4.50891399136,11.2916349832,88.85,19.0282,29.1869,16.8109,4.7442,5.6724,0.0516,1.0313,12.3245
2016-05-01,2.97033707614,2.97097913074,4.50661717701,11.2816980395,82.07,18.4857,26.6661,12.2707,4.8339,3.7715,0.6374,0.8499,14.5548
2016-06-01,3.01051699481,3.00000251798,4.51171290342,11.2906393085,102.62,13.7016,27.8012,38.4896,2.8427,1.7056,0.1137,1.1939,16.7717
2016-07-01,2.92296482516,2.92966127876,4.51244417363,11.3000782119,119.38,13.6675,30.8044,43.4205,4.2054,0.8411,9.357,1.2616,15.8227
2016-08-01,2.9226838326,2.94742007616,4.51515758688,11.2929707988,94.89,24.8883,22.8278,18.5442,7.9165,2.7111,3.2534,0.0542,14.6944
2016-09-01,2.93029773961,2.96059978557,4.51606057586,11.2975420011,106.37,24.4443,29.6747,21.242,9.2867,7.5788,0.7472,0.9607,12.4356
2016-10-01,3.02491657783,3.01967990927,4.52020441953,11.3118264133,90.12,31.5848,25.8421,9.5208,6.0953,1.1082,0.8564,0.4534,14.659
2016-11-01,2.93734766869,2.91676944503,4.52730753426,11.3239156959,91.33,22.0951,41.0261,8.7951,3.8077,1.448,0.6972,1.3944,12.0665
2016-12-01,3.0642703157,3.08972761751,4.52878839797,11.3172165561,133.27,22.2473,52.8374,22.4078,5.8292,5.7223,0.7487,5.0805,18.3968
2017-01-01,3.07038193085,3.10923627654,4.52708420654,11.3050840197,114.25,14.4449,61.3322,15.0526,4.5812,3.5995,0.8882,2.5243,11.827
2017-02-01,3.08709811979,3.1129441219,4.53000516459,11.3035714235,126.44,17.3642,65.6103,15.8256,3.1871,5.0554,0.1099,2.9673,16.3202
2017-03-01,3.00697709688,3.05177253689,4.53385367746,11.2974155678,109.7,23.1757,45.0292,13.7996,3.1254,7.4528,0.7212,1.5867,14.8094
2017-04-01,3.04021270156,3.06439884713,4.53812990388,11.291084067,133.37,40.7407,40.4366,16.6206,6.1314,13.8336,1.0641,2.483,12.0601
2017-05-01,2.98913690915,3.02658688817,4.54198962909,11.3009386323,121.85,18.7037,53.8547,19.2553,3.8109,5.917,0.5014,1.3037,18.5031
2017-06-01,2.91798866198,2.94398684935,4.54499547794,11.3040345531,120.42,19.9037,47.3399,28.1346,4.0406,1.7958,0.9977,4.4397,13.768
2017-07-01,2.94925066546,2.9881578964,4.54641841559,11.3098256423,110.93,17.6585,48.0988,7.4432,3.9526,10.2152,1.5913,8.5212,13.4492
2017-08-01,2.9751993127,3.048623097,4.55152259018,11.3045449802,127.5,22.3628,32.4844,15.7388,7.048,25.9663,1.3778,8.2668,14.255
2017-09-01,3.0064884288,3.12609860015,4.55211308882,11.3062400914,98.62,17.6327,36.4443,5.8434,2.8704,19.7855,0.205,4.1006,11.738
2017-10-01,3.04043116737,3.14925601264,4.5534837842,11.3089008426,107.23,17.5924,42.4288,14.1429,4.4843,9.8064,0.4928,3.5973,14.685
2017-11-01,3.13134816169,3.23315363686,4.56251837528,11.3145213722,98.14,12.5894,40.8635,16.6471,2.7052,8.2195,4.2138,2.4971,10.4045
2017-12-01,3.1508999412,3.2571757255,4.56607306519,11.3101409072,96.78,13.1125,44.6044,10.2596,5.1023,7.1872,0.2195,3.3467,12.9479
2018-01-01,3.24246827755,3.32354896825,4.56566124723,11.3159858049,98.07,14.6522,40.4601,7.3816,4.6066,12.0992,0,6.4381,12.4322
2018-02-01,3.21643224367,3.26489331319,4.56774945453,11.3188512972,91.56,19.1716,41.0012,7.5216,2.5449,5.0898,0.2828,3.7325,12.2155
2018-03-01,3.22424250328,3.2753604276,4.56841369835,11.3178191322,121.87,16.0213,55.9589,14.3497,2.4173,5.349,0.1029,14.5555,13.1154
2018-04-01,3.27623714497,3.36099441104,4.57293363402,11.3145554859,115.59,35.388,46.9709,5.7515,3.4616,2.1835,0.5858,10.7043,10.5445
2018-05-01,3.3287557626,3.42409192352,4.57283568024,11.3135365605,117.29,15.3169,62.6316,6.6094,1.4163,5.5603,0.3672,11.1205,14.2678
2018-06-01,3.297239647,3.38923587769,4.57239616679,11.3155586363,107.09,10.3301,59.1253,4.7757,3.0108,4.3085,0.1038,12.9256,12.5103
2018-07-01,3.34126316768,3.38630279815,4.57450073464,11.3242312409,120.03,8.5158,69.5818,8.2463,4.4735,2.9105,0.6468,12.5042,13.151
2018-08-01,3.29746896412,3.36107956443,4.57880732465,11.3291903367,97.8,15.1023,37.2785,7.5792,3.7054,1.8527,0.4491,13.6426,18.1901
2018-09-01,3.3267947071,3.44307361404,4.57571407156,11.3309451452,82.77,11.3959,38.4951,7.2519,3.7077,1.3631,0.7088,8.9422,10.9051
2018-10-01,3.33183482587,3.46750174582,4.58181078572,11.341295894,114.17,6.5557,63.5482,19.9315,2.0619,1.401,0.3701,4.441,15.8606
2018-11-01,3.11573599643,3.2439204299,4.57778384386,11.3455339862,94.73,14.7455,44.1275,9.9028,1.85,1.4147,0.4897,7.1279,15.0719
2018-12-01,2.97507869859,3.1220492665,4.5790202485,11.340002998,105.94,17.9854,58.8298,6.498,3.7711,0.9863,0.116,1.9726,15.7808
2019-01-01,3.01276637397,3.15797994466,4.57825918467,11.3191334904,107,9.1683,60.335,8.1252,3.9528,1.8117,4.3371,5.8743,13.3956
2019-02-01,3.07694430277,3.22877850989,4.57754136174,11.3186794332,98.23,11.0425,55.8801,4.8539,2.0629,4.7932,2.6696,4.1258,12.8021
2019-03-01,3.12977184097,3.25851966956,4.58358242106,11.315053303,99.74,14.3056,45.9745,21.0595,2.1804,1.3827,1.1168,3.2972,10.4234
2019-04-01,3.21968651982,3.32890741052,4.58225125242,11.3138110158,96.67,8.7934,43.1624,18.8512,3.161,0.2299,2.8737,5.9197,13.6786
2019-05-01,3.17082961804,3.3299233227,4.58341917943,11.3086187707,108.75,12.897,46.2324,9.8913,4.3172,1.5575,4.0986,15.9846,13.7714
2019-06-01,3.06420387588,3.22538638404,4.57699151604,11.3083665473,113.23,17.4724,56.0477,6.0699,4.0277,3.1201,1.7586,12.3101,12.4235
2019-07-01,3.10993932184,3.21839877972,4.57811260338,11.3033974367,101.63,10.3999,47.2617,8.7243,9.4755,4.9111,0.6933,7.6266,12.5376
2019-08-01,3.06372478545,3.13806730669,4.57817284846,11.3165999065,139.81,12.4124,67.1578,18.9602,10.9889,3.7579,1.3096,11.843,13.3803
2019-09-01,3.100488153,3.19874712952,4.57741248075,11.2963671074,105.07,15.9889,52.535,8.4295,7.4506,1.9034,0.1632,5.384,13.2153
2019-10-01,3.04373420139,3.14499068061,4.57773184715,11.3194498592,124.81,38.6228,48.6754,6.4548,10.8991,1.4814,0.8465,4.8675,12.9625
2019-11-01,3.09625714849,3.19914221981,4.58022085376,11.3294679523,98.24,10.1723,46.6046,7.1317,13.6552,2.3772,3.2618,3.5382,11.4991
2019-12-01,3.14211427665,3.25908053112,4.58205118685,11.3314220559,96.49,11.2049,38.8398,16.6042,7.0829,2.1481,0.6386,6.2701,13.7013
2020-01-01,3.09998461039,3.20125122198,4.53203725683,11.323780084,146.39,67.7455,41.2439,5.5642,5.5068,2.1798,1.0325,4.4169,18.7003
2020-02-01,2.97014244084,3.06663909498,4.53473595106,11.3143535258,87.73,16.5779,33.3374,6.2924,3.7512,1.1496,0.5445,3.5697,22.5073
2020-03-01,2.4264271872,2.51796442478,4.5328693064,11.3156326174,61.93,11.22,23.925,3.96,2.145,0.715,0.77,1.925,17.27
2020-04-01,1.86625385114,1.97113086625,4.44359380043,11.3189990963,42.36,4.6384,19.1123,2.2912,1.7324,0,0.2235,1.9001,12.4621
2020-05-01,2.41277361574,2.44108064901,4.45266813518,11.1743516125,63.57,8.5754,33.5294,3.7284,2.6099,1.012,1.3316,3.7817,9.0015
2020-06-01,2.70164164903,2.75153746518,4.49748838785,11.1563345779,63.83,6.2475,33.1452,4.2572,4.2019,0.9399,0.6635,3.2067,11.1682
2020-07-01,2.75732095236,2.81761318262,4.52969665045,11.1769996427,73.02,5.4188,40.3998,5.4188,3.9166,1.0194,0.4829,6.3846,9.9792
2020-08-01,2.79285505646,2.84799074682,4.54272515709,11.1918792747,79.64,3.8176,35.154,3.7646,8.6957,1.4316,1.6967,8.0594,17.0203
2020-09-01,2.7240865007,2.75587462544,4.55945967925,11.1897855376,78.64,7.9843,39.1559,6.2343,7.8203,0.2187,0.1094,4.2109,12.9061
2020-10-01,2.71702820025,2.73688059241,4.57007585953,11.1976601888,68.29,10.0336,24.6233,8.3955,4.6073,2.0477,1.2798,3.3787,13.9242
2020-11-01,2.75309841322,2.79495553376,4.58113874691,11.221948055,65.07,9.917,23.9615,9.1968,6.9253,1.3297,1.1634,2.4377,10.1386
2020-12-01,2.88722698436,2.94847692668,4.58920489078,11.2317977824,72.59,6.9026,31.0615,11.2025,2.6026,1.7539,0.1132,4.5828,14.3709
2021-01-01,2.98545069521,3.03734957542,4.59569460988,11.2367499561,80.75,4.6587,32.7659,10.4561,4.1928,3.0022,0.88,3.8822,20.9122
2021-02-01,3.10903223299,3.16245739966,4.58969215957,11.2110417703,74.85,6.0163,33.2667,7.7268,2.7132,1.1207,10.3811,1.9465,11.6787
2021-03-01,3.15803039146,3.20626269262,4.59774787519,11.236339679,79.37,9.3282,33.1552,7.0895,4.0511,0.6397,7.3027,4.6908,13.1128
2021-04-01,3.14197629399,3.19082817893,4.60766813504,11.2295431419,78.84,15.7457,28.2529,5.5836,4.746,2.6243,5.081,3.8527,12.9539
2021-05-01,3.18975436154,3.2400267268,4.59718112218,11.236219563,91.65,38.2648,23.472,5.677,4.2577,1.583,2.9476,2.0197,13.4282
2021-06-01,3.27234665168,3.29697775714,4.60533984219,11.2429012774,75.52,11.2853,35.5656,3.2488,5.3576,1.8239,2.1089,3.1918,12.9381
2021-07-01,3.28317342226,3.31947701613,4.60791399771,11.2595427423,81.83,12.9324,27.8979,5.365,7.6804,1.2424,8.1886,1.4683,17.055
2021-08-01,3.21241512204,3.25603844533,4.60326402777,11.2541519009,131.44,46.5202,26.9725,14.0373,7.0766,1.3921,2.3202,1.9722,31.1488
2021-09-01,3.26416375498,3.3030354889,4.59859362227,11.2592714561,96.74,16.8268,36.962,7.6434,4.221,3.0802,2.5098,2.852,22.6449
2021-10-01,3.38313614091,3.40810410862,4.60796327965,11.2762679529,78.64,6.219,29.8837,11.0381,3.8768,4.4691,2.6384,1.6692,18.8456
2021-11-01,3.34559355523,3.36931501708,4.62076232011,11.2872277702,80.22,8.801,34.7283,5.0546,7.7306,2.3787,2.4381,2.6165,16.4722
2021-12-01,3.23999747816,3.27372702601,4.6295421951,11.281359557,82.46,16.3996,35.2823,3.7534,4.1576,2.6563,2.1943,3.6957,14.3208
2022-01-01,3.38282713815,3.42159944879,4.63179696874,11.2840771135,99.78,27.4808,36.1496,7.9022,5.2485,1.2974,4.5998,2.2409,14.8609
2022-02-01,3.47230479001,3.53048721984,4.63811551472,11.2999590582,187.43,110.9743,41.7533,4.1079,1.8394,4.1079,1.778,10.7909,12.0784
2022-03-01,3.63009246441,3.70765069876,4.63331653953,11.2990728013,318.93,235.783,20.6641,4.9616,2.3445,8.9962,0.5452,32.1138,13.5216
2022-04-01,3.56307730508,3.59021601268,4.6206881058,11.2898064513,211.9,143.833,20.6476,8.9823,2.7997,4.0245,2.3914,13.4734,15.7481
2022-05-01,3.62720445386,3.66121553856,4.62629935543,11.2831620592,153.44,86.5312,22.1421,9.8648,1.2331,3.2704,0.4289,11.6876,18.282
2022-06-01,3.66188045824,3.72816445097,4.63471602858,11.2862244449,142.16,77.1217,23.4984,6.1809,2.0603,3.7865,0.6125,8.5753,20.3245
2022-07-01,3.53973015456,3.6363634643,4.63251299805,11.2975281778,144.37,62.8865,41.0851,5.436,2.1172,2.06,1.7739,5.436,23.5753
2022-08-01,3.45764403736,3.5275261614,4.63681005231,11.3095249541,162.19,73.2415,35.5564,14.0384,3.6247,12.3124,1.1507,3.6247,18.6412
2022-09-01,3.3475396287,3.41077181392,4.64095843089,11.3161551224,141.02,68.5673,24.5699,5.3711,3.7141,9.1423,1.2571,7.771,20.6273
2022-10-01,3.38026326856,3.4441948094,4.6356730456,11.3172338316,153.47,71.8974,28.8034,6.1166,7.7291,8.3408,1.6682,4.8376,24.077
2022-11-01,3.34065447609,3.42090686081,4.63475580426,11.3210943871,137.04,61.9092,30.075,10.5546,6.0718,5.6745,0.6242,2.5535,19.5771
2022-12-01,3.24179476279,3.29874965572,4.62988046995,11.3135947383,144.59,68.5829,30.6098,10.1018,5.2335,2.1299,2.7993,4.3815,20.7513
2023-01-01,3.25823479643,3.31278698376,4.6334957615,11.3155908944,119.94,61.1721,21.6689,10.1649,4.6868,2.2521,1.9478,2.313,15.7343
2023-02-01,3.23816120993,3.31045462888,4.63902667252,11.32347837,157.36,77.6093,39.8429,6.8784,3.7637,3.569,1.2329,4.153,20.3108
2023-03-01,3.18962377994,3.25754256679,4.64099273045,11.3229700517,132.63,55.5407,43.1579,6.9805,2.7922,4.3704,0.3035,2.428,17.0568
2023-04-01,3.2670769555,3.33035603063,4.63281567246,11.3158736429,134.28,42.1022,43.8704,6.8057,14.1453,4.0701,0.8674,3.4029,19.016
2023-05-01,3.16115138268,3.21407090364,4.64053558407,11.3064725173,119.75,52.1343,28.1843,5.4251,10.5856,2.3818,0.5293,2.051,18.4587
2023-06-01,3.14015674122,3.20344893442,4.64372726732,11.3137483559,123.59,45.9458,35.5841,5.658,7.9076,2.7949,8.2484,1.4997,15.9515
2023-07-01,3.21779516803,3.26954188924,4.64003460504,11.3048050228,124.44,50.326,40.4258,3.6438,3.9188,2.5438,5.2939,1.925,16.3628
2023-08-01,3.28056956142,3.33740710905,4.64515802005,11.299270328,112.79,42.4794,25.8085,7.1148,2.6506,1.7438,7.6728,3.5574,21.7628
2023-09-01,3.37088001584,3.41773543312,4.64718469909,11.3111069504,117.35,44.5923,42.196,2.2227,3.4035,0.9724,2.2227,1.7365,20.004
2023-10-01,3.32621036714,3.38251211647,4.64893082178,11.3154284391,242.19,175.9485,27.461,16.8938,0.6156,1.4363,1.0259,3.967,14.8419
2023-11-01,3.22731654791,3.29270745376,4.65222404894,11.3253141523,193.7,135.2786,30.0699,8.7346,1.8615,1.0023,0.8591,0.9307,14.9633
2023-12-01,3.147943713,3.22462139869,4.65222476342,11.3289994968,173.86,104.5414,36.6318,7.5377,2.0429,1.4089,0.634,3.8745,17.1888
2024-01-01,3.17566262548,3.25309806769,4.64835490018,11.311796451,161.94,98.2247,34.5821,9.0088,2.2522,1.1624,0.7992,2.0342,13.8764
2024-02-01,3.21253030454,3.29009047097,4.65366056687,11.3202398165,174.52,95.0205,44.304,3.2791,2.3318,3.4977,0.3643,5.9023,19.8202
2024-03-01,3.25896182369,3.30852502982,4.65073358252,11.3252077496,142.41,67.2116,36.0086,9.8144,3.7904,3.5873,1.3537,3.5196,17.1244
2024-04-01,3.30565396496,3.35803629706,4.65417217852,11.3187458701,172.93,104.2083,34.8433,8.005,4.4314,1.7154,0.7862,2.7875,16.153
2024-05-01,3.24068464969,3.26207385604,4.65748798432,11.3100789337,174.4,92.2115,41.6127,8.5714,3.6636,3.7327,1.2442,5.1152,18.2488
2024-06-01,3.23797392417,3.26858981989,4.65908554348,11.3063338222,128.28,64.773,30.1711,5.4857,3.9384,3.7274,0.633,2.8132,16.7383
2024-07-01,3.26142799805,3.30156516155,4.66074649708,11.3100233648,138.87,55.0495,32.1181,22.8601,5.9821,0.4985,0.5697,1.9228,19.8691
2024-08-01,3.19522068552,3.24209630729,4.66429254957,11.3127041764,163.36,78.851,39.894,15.208,6.4868,2.0181,2.883,2.6668,15.3522
2024-09-01,3.10536665227,3.1577840299,4.66248900096,11.2994328155,163.06,82.9501,31.4613,18.134,4.0783,3.2772,0.7283,6.4816,15.9491
2024-10-01,3.12712359672,3.17644940611,4.66913121459,11.3135734538,163.78,106.5447,26.8641,9.0482,1.7535,4.2085,0.491,2.7355,12.1344
2024-11-01,3.09553918181,3.15654215361,4.66918290605,11.3161055882,141.74,68.8837,39.8688,7.7326,3.4052,2.1282,1.2769,4.1855,14.2591
2024-12-01,3.09457292229,3.14653627166,4.67521706375,11.3212546464,170.84,59.4876,38.0392,14.3488,23.9893,1.9431,12.032,5.6797,15.3203
2025-01-01,3.1674077702,3.21296109458,4.67621166217,11.3163061344,168.78,59.7852,50.2887,18.5615,6.7627,2.2303,2.3741,11.1513,17.6262
2025-02-01,3.10796976078,3.16119045699,4.68261390847,11.319563389,181.79,48.4773,85.8763,9.8144,2.3049,1.7101,1.6357,14.9447,17.0265
2025-03-01,3.06055219419,3.12427524517,4.68761461829,11.3330923867,187.92,57.9353,75.8132,3.2261,9.4767,2.6212,1.277,20.9696,16.6009
2025-04-01,2.98757551409,3.05732353003,4.68570335325,11.3263340373,179.63,47.5339,53.2173,7.0956,4.2712,3.3756,1.9289,48.4295,13.7779
2025-05-01,2.96478613301,3.00080329411,4.68955258929,11.3274164856,172.98,62.4822,57.7289,12.5378,3.3756,1.4467,0.2067,17.2911,17.9111
2025-06-01,3.05437942542,3.10123277661,4.69158116842,11.3404357732,212.69,118.1611,42.6392,14.8876,6.2875,5.4925,0.2891,8.8169,16.1162
2025-07-01,3.05532054852,3.09333703209,4.69392945368,11.3452455712,151.5,61.8326,41.3797,7.1111,4.6053,1.5577,0,13.9513,21.0624
2025-08-01,2.99884844044,3.04421145028,4.69198876417,11.3509094886,154.08,60.8801,48.6351,6.5537,3.3113,3.3113,0.8968,14.1421,16.3497
2025-09-01,2.98192867108,3.04303141865,4.70071766268,11.3640162695,164.41,64.0326,49.9482,18.138,6.4582,2.2673,3.2978,7.214,13.0539
2025-10-01,2.93147993732,2.98969616632,4.69732387877,11.3633838291,174.93,71.529,48.1074,8.9162,4.8573,4.1919,2.1958,14.3723,20.76
2025-11-01,2.91649523885,2.97690436664,4.70080248469,11.3630307085,132.3,38.0858,47.6966,13.2193,7.1456,4.7875,1.0718,4.9304,15.3629
2025-12-01,2.87810335247,2.95398406915,4.70737872595,11.3608404568,163.92,60.8618,46.0002,26.3617,3.3616,1.8577,0.7962,7.9616,16.7193
2026-01-01,2.91148175508,3.01517532587,4.70963666293,11.3451403694,198.62,67.7802,67.4984,5.2139,12.8233,1.0569,14.2324,10.5686,19.4463
2026-02-01,2.98062452632,3.07493365564,4.71610781829,11.3697650092,145.92,50.3009,50.9336,6.169,4.7454,8.6998,1.9772,6.2481,16.846
2026-03-01,3.32021668281,3.441180375,4.6975113981,,279.73,220.048,23.9668,13.2757,1.0574,1.8797,0.8224,8.4589,10.2211
2026-04-01,3.40717514115,3.5634595648,4.69802890135,,232.36,146.4622,44.9215,11.4899,2.6302,3.4608,1.2459,7.2677,14.8816
2026-05-01,3.42033858083,3.46822845969,4.69895314412,,192.7,103.5576,48.345,11.6953,1.0879,1.2239,1.1559,7.2076,18.4269
2026-06-01,3.2387392959,3.24567193632,4.71217610645,,177.08,99.594,48.0327,4.1768,3.6007,1.5123,0.4321,4.6088,15.1227
2026-07-01,3.18534958183,3.22554498187,,,173.34,106.521,32.1927,7.6484,1.8773,2.5031,1.5297,6.2578,14.81
2026-08-01,3.22326266781,3.30537529553,,,152.04,70.1451,37.2314,7.0074,1.5572,1.2741,0.3539,15.7136,18.7573
