model,outcome,event,horizon,instrument_lead,n,origin_start,origin_end,beta,hc3_se,hc3_p,hc1_se,hc1_p
single,lwti,gpr_ai,0,2,432,1990-04-01,2026-03-01,-0.00011202680673,9.75933438299e-05,0.251012355431,9.2620983101e-05,0.226463649258
single,lwti,gpr_ai,1,2,432,1990-04-01,2026-03-01,-0.000222844083938,0.000228630623223,0.3297138339,0.000215393633711,0.300860459827
single,lwti,military_conflict,0,2,432,1990-04-01,2026-03-01,-9.76371338462e-05,0.000113081962596,0.38790704538,0.000106304884232,0.358376368739
single,lwti,military_conflict,1,2,432,1990-04-01,2026-03-01,-0.000299308685578,0.00026731411142,0.262846289498,0.000244960794626,0.221759201431
single,lwti,diplomatic_tension,0,2,432,1990-04-01,2026-03-01,-0.000169823017458,0.000353076780693,0.630530416388,0.00034368534558,0.62121893847
single,lwti,diplomatic_tension,1,2,432,1990-04-01,2026-03-01,0.000238302341602,0.000624837162752,0.702918990495,0.000611643187942,0.696824909111
single,lwti,terrorism,0,2,432,1990-04-01,2026-03-01,-0.000150072109303,0.000171424472752,0.381333690294,0.000152751591708,0.325873987292
single,lwti,terrorism,1,2,432,1990-04-01,2026-03-01,7.53910808502e-05,0.000269098352781,0.779353367122,0.000254478002636,0.7670332479
single,lwti,civil_war,0,2,432,1990-04-01,2026-03-01,0.000921573722555,0.000584746176353,0.115020384717,0.000570218565639,0.106056204775
single,lwti,civil_war,1,2,432,1990-04-01,2026-03-01,-0.00035974512511,0.000950434512881,0.705054769138,0.000923513789866,0.696877076542
single,lwti,nuclear_threat,0,2,432,1990-04-01,2026-03-01,-0.000886168604412,0.000755653218009,0.240908659122,0.000736941628773,0.229171812396
single,lwti,nuclear_threat,1,2,432,1990-04-01,2026-03-01,-0.00143016695028,0.00131207194082,0.275710278693,0.00127761080008,0.262966386676
single,lwti,coup,0,2,432,1990-04-01,2026-03-01,0.000221021716541,0.00095464080809,0.81690818352,0.000811120810194,0.785245841412
single,lwti,coup,1,2,432,1990-04-01,2026-03-01,-0.000103824445235,0.00124445365016,0.933509841352,0.00110080385635,0.924857398081
single,lwti,sanctions,0,2,432,1990-04-01,2026-03-01,-0.000203483980659,0.000679115727151,0.764458796916,0.000616059649673,0.741173932653
single,lwti,sanctions,1,2,432,1990-04-01,2026-03-01,-0.00058861479427,0.00156706964394,0.707203170887,0.00131218424958,0.653737312349
single,lwti,other,0,2,432,1990-04-01,2026-03-01,0.000216242004331,0.000889182182152,0.80785665428,0.000837003954413,0.796134927076
single,lwti,other,1,2,432,1990-04-01,2026-03-01,0.00120317050646,0.00129074357341,0.351257456073,0.00121284079969,0.321184480745
joint,lwti,military_conflict,0,2,432,1990-04-01,2026-03-01,-0.000149610349957,0.000126088573168,0.235405313772,0.000117527099427,0.20302301657
joint,lwti,diplomatic_tension,0,2,432,1990-04-01,2026-03-01,-0.000310243381341,0.000393927443402,0.430951321157,0.000379315027188,0.413411850543
joint,lwti,nuclear_threat,0,2,432,1990-04-01,2026-03-01,-0.00126127167007,0.000816154132636,0.122253369012,0.000793560547541,0.111973942776
joint,lwti,military_conflict,1,2,432,1990-04-01,2026-03-01,-0.000329244893088,0.000296868452826,0.267404347411,0.000269366105163,0.221596019811
joint,lwti,diplomatic_tension,1,2,432,1990-04-01,2026-03-01,-6.65352041547e-05,0.000663008510347,0.920063709374,0.000639193538465,0.917096003802
joint,lwti,nuclear_threat,1,2,432,1990-04-01,2026-03-01,-0.00174668714689,0.00145809364105,0.230946130172,0.00139813669997,0.211556683926
single,lbrent,gpr_ai,0,2,432,1990-04-01,2026-03-01,-0.000148772757919,0.000107952779118,0.168163742456,0.000102741722185,0.147609580836
single,lbrent,gpr_ai,1,2,432,1990-04-01,2026-03-01,-0.00027253979169,0.000256432928532,0.287867573716,0.00024210530252,0.260289283673
single,lbrent,military_conflict,0,2,432,1990-04-01,2026-03-01,-8.72280232361e-05,0.000115910974461,0.45172442141,0.000109810550171,0.426991636188
single,lbrent,military_conflict,1,2,432,1990-04-01,2026-03-01,-0.000284174966785,0.000307057929273,0.354717985107,0.000281728819816,0.313126865022
single,lbrent,diplomatic_tension,0,2,432,1990-04-01,2026-03-01,-0.000165717506874,0.000364956384273,0.649774971218,0.000355514834513,0.641119678366
single,lbrent,diplomatic_tension,1,2,432,1990-04-01,2026-03-01,0.000352130554978,0.000649292726095,0.587591584052,0.000635329373994,0.579408572235
single,lbrent,terrorism,0,2,432,1990-04-01,2026-03-01,-0.000336236755249,0.000204904116076,0.100808457317,0.000180133514717,0.0619578270586
single,lbrent,terrorism,1,2,432,1990-04-01,2026-03-01,-0.000142092456489,0.000290357031541,0.624578708399,0.000272864847934,0.602545823001
single,lbrent,civil_war,0,2,432,1990-04-01,2026-03-01,0.00103098844872,0.000604909371143,0.0883122738638,0.000589226797679,0.0801647258
single,lbrent,civil_war,1,2,432,1990-04-01,2026-03-01,-0.000787862861171,0.00104627371683,0.451439143812,0.00101375110819,0.437055038805
single,lbrent,nuclear_threat,0,2,432,1990-04-01,2026-03-01,-0.000836261666492,0.000832684150923,0.315235784918,0.000812032247334,0.303086058625
single,lbrent,nuclear_threat,1,2,432,1990-04-01,2026-03-01,-0.00151888566974,0.00137607460285,0.269687937947,0.00134331231721,0.258180618877
single,lbrent,coup,0,2,432,1990-04-01,2026-03-01,0.000258474922899,0.00100226210123,0.79649060946,0.000846209675194,0.760023285753
single,lbrent,coup,1,2,432,1990-04-01,2026-03-01,-0.000284422850198,0.00121880654138,0.81548049782,0.00108005778211,0.792288222226
single,lbrent,sanctions,0,2,432,1990-04-01,2026-03-01,-0.000387509023232,0.000709968970362,0.585195716347,0.000638295323618,0.543784620604
single,lbrent,sanctions,1,2,432,1990-04-01,2026-03-01,-0.00100945431774,0.00176223066874,0.566761447518,0.00145796433855,0.488703472519
single,lbrent,other,0,2,432,1990-04-01,2026-03-01,5.35752172956e-05,0.0009429855959,0.954692995234,0.000900595781389,0.952562914242
single,lbrent,other,1,2,432,1990-04-01,2026-03-01,0.00113126214499,0.00139462440612,0.417274364752,0.0013246358913,0.393095329606
joint,lbrent,military_conflict,0,2,432,1990-04-01,2026-03-01,-0.000136300483452,0.000129868807189,0.293936825901,0.000121888412052,0.263464555372
joint,lbrent,diplomatic_tension,0,2,432,1990-04-01,2026-03-01,-0.000296493313742,0.000415123647237,0.475085637474,0.000399566318389,0.458064430783
joint,lbrent,nuclear_threat,0,2,432,1990-04-01,2026-03-01,-0.00118849238936,0.000893558361136,0.183496233795,0.000868325533595,0.171087584962
joint,lbrent,military_conflict,1,2,432,1990-04-01,2026-03-01,-0.000296364194457,0.000331343441854,0.371090769935,0.00030116881994,0.325092533751
joint,lbrent,diplomatic_tension,1,2,432,1990-04-01,2026-03-01,6.18524006605e-05,0.000690416586166,0.92861535786,0.000665212222028,0.92591829371
joint,lbrent,nuclear_threat,1,2,432,1990-04-01,2026-03-01,-0.00175480569601,0.00151891773937,0.247967587418,0.00145876132258,0.228998650969
