outcome,event,horizon,contribution_type,rank,date,signed_contribution,share_absolute_total,top5_share_absolute_total,top10_share_absolute_total
lwti,gpr_ai,0,raw,1,2022-04-01,-1278.71700808,0.0254655775046,0.110245423226,0.184528720171
lwti,gpr_ai,0,raw,2,2001-10-01,-1164.2191569,0.0231853592195,0.110245423226,0.184528720171
lwti,gpr_ai,0,raw,3,2001-09-01,1112.59347123,0.0221572365847,0.110245423226,0.184528720171
lwti,gpr_ai,0,raw,4,2026-03-01,1051.43023433,0.0209391741518,0.110245423226,0.184528720171
lwti,gpr_ai,0,raw,5,1991-02-01,-928.854022371,0.0184980757648,0.110245423226,0.184528720171
lwti,gpr_ai,0,partialled,1,2001-09-01,193.212124779,0.115030189421,0.33706479216,0.463910362113
lwti,gpr_ai,0,partialled,2,1991-01-01,105.534012545,0.0628304122598,0.33706479216,0.463910362113
lwti,gpr_ai,0,partialled,3,1990-08-01,96.5738941271,0.0574959431106,0.33706479216,0.463910362113
lwti,gpr_ai,0,partialled,4,2026-03-01,87.3667389536,0.0520143989019,0.33706479216,0.463910362113
lwti,gpr_ai,0,partialled,5,2022-03-01,83.4689927838,0.0496938484668,0.33706479216,0.463910362113
lwti,gpr_ai,12,raw,1,2022-04-01,-1278.71700808,0.0266233013898,0.112389891127,0.183592100858
lwti,gpr_ai,12,raw,2,2001-10-01,-1164.2191569,0.0242394191225,0.112389891127,0.183592100858
lwti,gpr_ai,12,raw,3,2001-09-01,1112.59347123,0.0231645556616,0.112389891127,0.183592100858
lwti,gpr_ai,12,raw,4,1991-02-01,-928.854022371,0.0193390409516,0.112389891127,0.183592100858
lwti,gpr_ai,12,raw,5,2023-11-01,-913.702146613,0.0190235740012,0.112389891127,0.183592100858
lwti,gpr_ai,12,partialled,1,2001-09-01,191.999644824,0.123818059614,0.363554310776,0.460555811618
lwti,gpr_ai,12,partialled,2,1991-01-01,102.954387163,0.0663939376496,0.363554310776,0.460555811618
lwti,gpr_ai,12,partialled,3,1990-08-01,97.3081119136,0.0627527285941,0.363554310776,0.460555811618
lwti,gpr_ai,12,partialled,4,2023-10-01,86.689438016,0.0559048846886,0.363554310776,0.460555811618
lwti,gpr_ai,12,partialled,5,2022-03-01,84.7973474482,0.0546847002297,0.363554310776,0.460555811618
lwti,gpr_ai,24,raw,1,2022-04-01,-1278.71700808,0.027745890376,0.117128884691,0.191333382353
lwti,gpr_ai,24,raw,2,2001-10-01,-1164.2191569,0.0252614901474,0.117128884691,0.191333382353
lwti,gpr_ai,24,raw,3,2001-09-01,1112.59347123,0.0241413043628,0.117128884691,0.191333382353
lwti,gpr_ai,24,raw,4,1991-02-01,-928.854022371,0.020154484313,0.117128884691,0.191333382353
lwti,gpr_ai,24,raw,5,2023-11-01,-913.702146613,0.0198257154915,0.117128884691,0.191333382353
lwti,gpr_ai,24,partialled,1,2001-09-01,192.409285795,0.128368048839,0.376102623521,0.4756066122
lwti,gpr_ai,24,partialled,2,1991-01-01,102.978040136,0.0687029736164,0.376102623521,0.4756066122
lwti,gpr_ai,24,partialled,3,1990-08-01,95.254578513,0.0635501781327,0.376102623521,0.4756066122
lwti,gpr_ai,24,partialled,4,2023-10-01,87.6764720005,0.0584943579685,0.376102623521,0.4756066122
lwti,gpr_ai,24,partialled,5,2022-03-01,85.4172091,0.0569870649647,0.376102623521,0.4756066122
lwti,gpr_ai,48,raw,1,2022-04-01,-1278.71700808,0.0311308005091,0.130037237664,0.198542044084
lwti,gpr_ai,48,raw,2,2001-10-01,-1164.2191569,0.0283433113764,0.130037237664,0.198542044084
lwti,gpr_ai,48,raw,3,2001-09-01,1112.59347123,0.0270864664988,0.130037237664,0.198542044084
lwti,gpr_ai,48,raw,4,1991-02-01,-928.854022371,0.0226132671184,0.130037237664,0.198542044084
lwti,gpr_ai,48,raw,5,1990-09-01,-856.97681931,0.0208633921613,0.130037237664,0.198542044084
lwti,gpr_ai,48,partialled,1,2001-09-01,192.221236388,0.142489686193,0.390347551458,0.476010478825
lwti,gpr_ai,48,partialled,2,1991-01-01,99.8292225938,0.074001368775,0.390347551458,0.476010478825
lwti,gpr_ai,48,partialled,3,1990-08-01,95.0533726044,0.0704611284817,0.390347551458,0.476010478825
lwti,gpr_ai,48,partialled,4,2022-03-01,87.4870834288,0.0648523924724,0.390347551458,0.476010478825
lwti,gpr_ai,48,partialled,5,2022-02-01,51.9951907351,0.0385429755351,0.390347551458,0.476010478825
lwti,military_conflict,0,raw,1,2022-04-01,-1078.50054615,0.0358849666176,0.158608242788,0.26067809069
lwti,military_conflict,0,raw,2,2026-03-01,1010.71922936,0.0336296777361,0.158608242788,0.26067809069
lwti,military_conflict,0,raw,3,1991-02-01,-1006.67358227,0.0334950668531,0.158608242788,0.26067809069
lwti,military_conflict,0,raw,4,2023-11-01,-845.456900705,0.0281309015249,0.158608242788,0.26067809069
lwti,military_conflict,0,raw,5,1991-01-01,825.522685675,0.0274676300565,0.158608242788,0.26067809069
lwti,military_conflict,0,partialled,1,1990-08-01,315.139927348,0.0917419928841,0.321047655142,0.435248829497
lwti,military_conflict,0,partialled,2,2026-03-01,250.365831955,0.0728852753346,0.321047655142,0.435248829497
lwti,military_conflict,0,partialled,3,1991-01-01,245.060486302,0.0713408090803,0.321047655142,0.435248829497
lwti,military_conflict,0,partialled,4,2023-10-01,181.451921852,0.0528233951929,0.321047655142,0.435248829497
lwti,military_conflict,0,partialled,5,2022-02-01,110.8021609,0.03225618265,0.321047655142,0.435248829497
lwti,military_conflict,12,raw,1,2022-04-01,-1078.50054615,0.0378916089775,0.157352560566,0.255621400619
lwti,military_conflict,12,raw,2,1991-02-01,-1006.67358227,0.0353680690134,0.157352560566,0.255621400619
lwti,military_conflict,12,raw,3,2023-11-01,-845.456900705,0.0297039462827,0.157352560566,0.255621400619
lwti,military_conflict,12,raw,4,1991-01-01,825.522685675,0.0290035855051,0.157352560566,0.255621400619
lwti,military_conflict,12,raw,5,2003-04-01,-722.537665384,0.0253853507872,0.157352560566,0.255621400619
lwti,military_conflict,12,partialled,1,1990-08-01,312.545234937,0.0998180329618,0.308271604717,0.41799893141
lwti,military_conflict,12,partialled,2,1991-01-01,239.513608387,0.0764938146045,0.308271604717,0.41799893141
lwti,military_conflict,12,partialled,3,2023-10-01,190.79981465,0.0609360184029,0.308271604717,0.41799893141
lwti,military_conflict,12,partialled,4,2022-02-01,116.766378238,0.0372918505513,0.308271604717,0.41799893141
lwti,military_conflict,12,partialled,5,2022-03-01,105.619602075,0.0337318881969,0.308271604717,0.41799893141
lwti,military_conflict,24,raw,1,2022-04-01,-1078.50054615,0.0404398963489,0.167934838642,0.271514578064
lwti,military_conflict,24,raw,2,1991-02-01,-1006.67358227,0.0377466432162,0.167934838642,0.271514578064
lwti,military_conflict,24,raw,3,2023-11-01,-845.456900705,0.0317015967714,0.167934838642,0.271514578064
lwti,military_conflict,24,raw,4,1991-01-01,825.522685675,0.0309541353144,0.167934838642,0.271514578064
lwti,military_conflict,24,raw,5,2003-04-01,-722.537665384,0.0270925669908,0.167934838642,0.271514578064
lwti,military_conflict,24,partialled,1,1990-08-01,300.970320387,0.0998378010057,0.316473565745,0.429289790046
lwti,military_conflict,24,partialled,2,1991-01-01,240.661312721,0.0798321117456,0.316473565745,0.429289790046
lwti,military_conflict,24,partialled,3,2023-10-01,192.189140985,0.0637529348023,0.316473565745,0.429289790046
lwti,military_conflict,24,partialled,4,2022-02-01,114.707474048,0.0380507352126,0.316473565745,0.429289790046
lwti,military_conflict,24,partialled,5,2022-03-01,105.510698198,0.0349999829788,0.316473565745,0.429289790046
lwti,military_conflict,48,raw,1,2022-04-01,-1078.50054615,0.0464551713018,0.186199005078,0.278004659004
lwti,military_conflict,48,raw,2,1991-02-01,-1006.67358227,0.0433613073967,0.186199005078,0.278004659004
lwti,military_conflict,48,raw,3,1991-01-01,825.522685675,0.0355584407568,0.186199005078,0.278004659004
lwti,military_conflict,48,raw,4,2003-04-01,-722.537665384,0.0311224793878,0.186199005078,0.278004659004
lwti,military_conflict,48,raw,5,1990-09-01,-689.550757186,0.0297016062353,0.186199005078,0.278004659004
lwti,military_conflict,48,partialled,1,1990-08-01,279.767650288,0.102874876536,0.317957613183,0.427651545815
lwti,military_conflict,48,partialled,2,1991-01-01,239.370786922,0.0880203273171,0.317957613183,0.427651545815
lwti,military_conflict,48,partialled,3,2022-02-01,125.681814042,0.0462151399175,0.317957613183,0.427651545815
lwti,military_conflict,48,partialled,4,2022-03-01,118.483597369,0.0435682447145,0.317957613183,0.427651545815
lwti,military_conflict,48,partialled,5,2003-03-01,101.380098775,0.0372790246978,0.317957613183,0.427651545815
lwti,diplomatic_tension,0,raw,1,2025-03-01,-198.186876206,0.0141066623301,0.0578985220624,0.101496635663
lwti,diplomatic_tension,0,raw,2,2018-11-01,-169.422577161,0.0120592600926,0.0578985220624,0.101496635663
lwti,diplomatic_tension,0,raw,3,2018-08-01,-155.854698188,0.0110935176031,0.0578985220624,0.101496635663
lwti,diplomatic_tension,0,raw,4,2026-02-01,-150.347555079,0.0107015269238,0.0578985220624,0.101496635663
lwti,diplomatic_tension,0,raw,5,2018-12-01,139.614386371,0.00993755511294,0.0578985220624,0.101496635663
lwti,diplomatic_tension,0,partialled,1,2025-02-01,24.7389282269,0.0470754767822,0.139101667807,0.222692157796
lwti,diplomatic_tension,0,partialled,2,2018-10-01,14.0632089391,0.0267607496907,0.139101667807,0.222692157796
lwti,diplomatic_tension,0,partialled,3,2026-03-01,12.861113922,0.0244732942461,0.139101667807,0.222692157796
lwti,diplomatic_tension,0,partialled,4,2022-03-01,11.2531794092,0.0214135705939,0.139101667807,0.222692157796
lwti,diplomatic_tension,0,partialled,5,2018-08-01,10.1837569324,0.0193785764942,0.139101667807,0.222692157796
lwti,diplomatic_tension,12,raw,1,2025-03-01,-198.186876206,0.0144438786927,0.0583387205856,0.101012016945
lwti,diplomatic_tension,12,raw,2,2018-11-01,-169.422577161,0.0123475337982,0.0583387205856,0.101012016945
lwti,diplomatic_tension,12,raw,3,2018-08-01,-155.854698188,0.0113587054673,0.0583387205856,0.101012016945
lwti,diplomatic_tension,12,raw,4,2018-12-01,139.614386371,0.0101751099725,0.0583387205856,0.101012016945
lwti,diplomatic_tension,12,raw,5,2019-09-01,-137.396808117,0.010013492655,0.0583387205856,0.101012016945
lwti,diplomatic_tension,12,partialled,1,2025-02-01,24.6100276499,0.049081108551,0.14016079573,0.21556677162
lwti,diplomatic_tension,12,partialled,2,2018-10-01,13.895155964,0.0277118607059,0.14016079573,0.21556677162
lwti,diplomatic_tension,12,partialled,3,2022-03-01,11.5045102506,0.0229440667223,0.14016079573,0.21556677162
lwti,diplomatic_tension,12,partialled,4,2018-08-01,10.580158616,0.0211005822872,0.14016079573,0.21556677162
lwti,diplomatic_tension,12,partialled,5,2011-03-01,9.68894032143,0.0193231774635,0.14016079573,0.21556677162
lwti,diplomatic_tension,24,raw,1,2018-11-01,-169.422577161,0.0131795257083,0.0564383126664,0.10072717613
lwti,diplomatic_tension,24,raw,2,2018-08-01,-155.854698188,0.0121240689166,0.0564383126664,0.10072717613
lwti,diplomatic_tension,24,raw,3,2018-12-01,139.614386371,0.0108607213116,0.0564383126664,0.10072717613
lwti,diplomatic_tension,24,raw,4,2019-09-01,-137.396808117,0.0106882140218,0.0564383126664,0.10072717613
lwti,diplomatic_tension,24,raw,5,2018-09-01,123.22507247,0.00958578270815,0.0564383126664,0.10072717613
lwti,diplomatic_tension,24,partialled,1,2018-10-01,14.3506259222,0.0314007151454,0.120390894357,0.197551970233
lwti,diplomatic_tension,24,partialled,2,2022-03-01,10.9981136048,0.0240650571142,0.120390894357,0.197551970233
lwti,diplomatic_tension,24,partialled,3,2018-08-01,10.0713523158,0.0220372035974,0.120390894357,0.197551970233
lwti,diplomatic_tension,24,partialled,4,2019-08-01,9.95552206199,0.0217837545266,0.120390894357,0.197551970233
lwti,diplomatic_tension,24,partialled,5,2011-03-01,9.64493837743,0.0211041639735,0.120390894357,0.197551970233
lwti,diplomatic_tension,48,raw,1,2018-11-01,-169.422577161,0.0144280644627,0.0617848950969,0.109044142576
lwti,diplomatic_tension,48,raw,2,2018-08-01,-155.854698188,0.0132726208628,0.0617848950969,0.109044142576
lwti,diplomatic_tension,48,raw,3,2018-12-01,139.614386371,0.011889592286,0.0617848950969,0.109044142576
lwti,diplomatic_tension,48,raw,4,2019-09-01,-137.396808117,0.0117007428272,0.0617848950969,0.109044142576
lwti,diplomatic_tension,48,raw,5,2018-09-01,123.22507247,0.0104938746582,0.0617848950969,0.109044142576
lwti,diplomatic_tension,48,partialled,1,2018-10-01,14.0364844248,0.0337017007183,0.133906847832,0.217320307572
lwti,diplomatic_tension,48,partialled,2,2022-03-01,11.2698479155,0.0270589864309,0.133906847832,0.217320307572
lwti,diplomatic_tension,48,partialled,3,2018-08-01,10.7575303713,0.0258289082986,0.133906847832,0.217320307572
lwti,diplomatic_tension,48,partialled,4,2011-03-01,9.99107577082,0.0239886452541,0.133906847832,0.217320307572
lwti,diplomatic_tension,48,partialled,5,2019-08-01,9.71617525689,0.0233286071301,0.133906847832,0.217320307572
lwti,terrorism,0,raw,1,2001-10-01,-1161.29989157,0.0968157273854,0.231896989201,0.292102977507
lwti,terrorism,0,raw,2,2001-09-01,904.969633436,0.075445880912,0.231896989201,0.292102977507
lwti,terrorism,0,raw,3,2015-12-01,-316.578341107,0.0263926334542,0.231896989201,0.292102977507
lwti,terrorism,0,raw,4,2015-11-01,228.340716599,0.0190364028531,0.231896989201,0.292102977507
lwti,terrorism,0,raw,5,2013-05-01,-170.404405201,0.0142063445962,0.231896989201,0.292102977507
lwti,terrorism,0,partialled,1,2001-09-01,486.604738405,0.269546116021,0.444887346149,0.525847866759
lwti,terrorism,0,partialled,2,2001-10-01,-130.053178513,0.0720406654058,0.444887346149,0.525847866759
lwti,terrorism,0,partialled,3,2015-11-01,111.863661271,0.0619649030101,0.444887346149,0.525847866759
lwti,terrorism,0,partialled,4,1998-08-01,38.5570060569,0.021357973747,0.444887346149,0.525847866759
lwti,terrorism,0,partialled,5,2013-04-01,36.0652112875,0.0199776879648,0.444887346149,0.525847866759
lwti,terrorism,12,raw,1,2001-10-01,-1161.29989157,0.0990558074298,0.237262520524,0.29886152871
lwti,terrorism,12,raw,2,2001-09-01,904.969633436,0.0771915147757,0.237262520524,0.29886152871
lwti,terrorism,12,raw,3,2015-12-01,-316.578341107,0.0270032946878,0.237262520524,0.29886152871
lwti,terrorism,12,raw,4,2015-11-01,228.340716599,0.0194768588338,0.237262520524,0.29886152871
lwti,terrorism,12,raw,5,2013-05-01,-170.404405201,0.014535044797,0.237262520524,0.29886152871
lwti,terrorism,12,partialled,1,2001-09-01,487.141024901,0.277134907078,0.454598460405,0.537930300888
lwti,terrorism,12,partialled,2,2001-10-01,-124.86098044,0.0710335086622,0.454598460405,0.537930300888
lwti,terrorism,12,partialled,3,2015-11-01,112.178688741,0.0638185430732,0.454598460405,0.537930300888
lwti,terrorism,12,partialled,4,1998-08-01,38.7995246832,0.0220730797,0.454598460405,0.537930300888
lwti,terrorism,12,partialled,5,2013-04-01,36.1019403709,0.0205384218914,0.454598460405,0.537930300888
lwti,terrorism,24,raw,1,2001-10-01,-1161.29989157,0.100852567687,0.241566194164,0.304282538654
lwti,terrorism,24,raw,2,2001-09-01,904.969633436,0.0785916815052,0.241566194164,0.304282538654
lwti,terrorism,24,raw,3,2015-12-01,-316.578341107,0.027493103897,0.241566194164,0.304282538654
lwti,terrorism,24,raw,4,2015-11-01,228.340716599,0.0198301470133,0.241566194164,0.304282538654
lwti,terrorism,24,raw,5,2013-05-01,-170.404405201,0.014798694062,0.241566194164,0.304282538654
lwti,terrorism,24,partialled,1,2001-09-01,489.148291625,0.283736475218,0.465667848142,0.551026819115
lwti,terrorism,24,partialled,2,2001-10-01,-126.901005151,0.0736104868802,0.465667848142,0.551026819115
lwti,terrorism,24,partialled,3,2015-11-01,111.749046395,0.0648214070781,0.465667848142,0.551026819115
lwti,terrorism,24,partialled,4,1998-08-01,39.3451643541,0.0228226458966,0.465667848142,0.551026819115
lwti,terrorism,24,partialled,5,2013-04-01,35.6458843162,0.020676833069,0.465667848142,0.551026819115
lwti,terrorism,48,raw,1,2001-10-01,-1161.29989157,0.104966782339,0.251420729336,0.316695546152
lwti,terrorism,48,raw,2,2001-09-01,904.969633436,0.0817977778395,0.251420729336,0.316695546152
lwti,terrorism,48,raw,3,2015-12-01,-316.578341107,0.0286146671202,0.251420729336,0.316695546152
lwti,terrorism,48,raw,4,2015-11-01,228.340716599,0.0206391049136,0.251420729336,0.316695546152
lwti,terrorism,48,raw,5,2013-05-01,-170.404405201,0.0154023971242,0.251420729336,0.316695546152
lwti,terrorism,48,partialled,1,2001-09-01,485.337846561,0.295584487896,0.470896330813,0.559512341014
lwti,terrorism,48,partialled,2,2015-11-01,109.96320971,0.0669707076417,0.470896330813,0.559512341014
lwti,terrorism,48,partialled,3,2001-10-01,-104.550307667,0.0636740970646,0.470896330813,0.559512341014
lwti,terrorism,48,partialled,4,1998-08-01,39.0439270835,0.0237788568813,0.470896330813,0.559512341014
lwti,terrorism,48,partialled,5,2013-04-01,34.2975540337,0.0208881813297,0.470896330813,0.559512341014
lwti,civil_war,0,raw,1,2011-03-01,-101.709147089,0.026699026825,0.0925733667222,0.14791158765
lwti,civil_war,0,raw,2,2025-01-01,-77.4866098402,0.0203405213191,0.0925733667222,0.14791158765
lwti,civil_war,0,raw,3,2011-02-01,62.2810163739,0.0163489968646,0.0925733667222,0.14791158765
lwti,civil_war,0,raw,4,2024-12-01,60.932939865,0.0159951218012,0.0925733667222,0.14791158765
lwti,civil_war,0,raw,5,1991-10-01,-50.2457687774,0.0131896999123,0.0925733667222,0.14791158765
lwti,civil_war,0,partialled,1,2024-12-01,40.8932094339,0.0943487431485,0.236611382589,0.309425796927
lwti,civil_war,0,partialled,2,2011-02-01,33.7142545353,0.0777854706351,0.236611382589,0.309425796927
lwti,civil_war,0,partialled,3,2023-04-01,11.4193110759,0.0263466150627,0.236611382589,0.309425796927
lwti,civil_war,0,partialled,4,2025-01-01,9.19332627604,0.0212108267242,0.236611382589,0.309425796927
lwti,civil_war,0,partialled,5,2011-01-01,7.33345159066,0.0169197270182,0.236611382589,0.309425796927
lwti,civil_war,12,raw,1,2011-03-01,-101.709147089,0.0274412541655,0.0951468868822,0.152023498734
lwti,civil_war,12,raw,2,2025-01-01,-77.4866098402,0.0209059835414,0.0951468868822,0.152023498734
lwti,civil_war,12,raw,3,2011-02-01,62.2810163739,0.0168034955451,0.0951468868822,0.152023498734
lwti,civil_war,12,raw,4,2024-12-01,60.932939865,0.0164397828293,0.0951468868822,0.152023498734
lwti,civil_war,12,raw,5,1991-10-01,-50.2457687774,0.0135563708008,0.0951468868822,0.152023498734
lwti,civil_war,12,partialled,1,2024-12-01,40.9718563979,0.0977560449329,0.24551066321,0.315261953875
lwti,civil_war,12,partialled,2,2011-02-01,33.2534904091,0.0793405519886,0.24551066321,0.315261953875
lwti,civil_war,12,partialled,3,2023-04-01,11.6271280807,0.0277415317494,0.24551066321,0.315261953875
lwti,civil_war,12,partialled,4,2025-01-01,9.75529937645,0.0232754765836,0.24551066321,0.315261953875
lwti,civil_war,12,partialled,5,2011-01-01,7.29151594463,0.0173970579558,0.24551066321,0.315261953875
lwti,civil_war,24,raw,1,2011-03-01,-101.709147089,0.029296389921,0.0874168448225,0.143785774271
lwti,civil_war,24,raw,2,2011-02-01,62.2810163739,0.0179394773488,0.0874168448225,0.143785774271
lwti,civil_war,24,raw,3,1991-10-01,-50.2457687774,0.0144728343135,0.0874168448225,0.143785774271
lwti,civil_war,24,raw,4,2011-06-01,45.6332599406,0.0131442433139,0.0874168448225,0.143785774271
lwti,civil_war,24,raw,5,1991-04-01,-43.6184645604,0.0125638999253,0.0874168448225,0.143785774271
lwti,civil_war,24,partialled,1,2011-02-01,32.7506436866,0.0924466341787,0.18415738984,0.255363312368
lwti,civil_war,24,partialled,2,2023-04-01,11.9136358615,0.0336291264004,0.18415738984,0.255363312368
lwti,civil_war,24,partialled,3,2011-01-01,7.41181879398,0.0209216559895,0.18415738984,0.255363312368
lwti,civil_war,24,partialled,4,2012-12-01,7.08794132008,0.0200074332758,0.18415738984,0.255363312368
lwti,civil_war,24,partialled,5,1991-03-01,6.07655141491,0.0171525399958,0.18415738984,0.255363312368
lwti,civil_war,48,raw,1,2011-03-01,-101.709147089,0.0304019377535,0.0907156643556,0.148951855849
lwti,civil_war,48,raw,2,2011-02-01,62.2810163739,0.0186164532613,0.0907156643556,0.148951855849
lwti,civil_war,48,raw,3,1991-10-01,-50.2457687774,0.0150189907051,0.0907156643556,0.148951855849
lwti,civil_war,48,raw,4,2011-06-01,45.6332599406,0.013640263122,0.0907156643556,0.148951855849
lwti,civil_war,48,raw,5,1991-04-01,-43.6184645604,0.0130380195137,0.0907156643556,0.148951855849
lwti,civil_war,48,partialled,1,2011-02-01,33.3613240625,0.100094368739,0.180164660832,0.250926359899
lwti,civil_war,48,partialled,2,2011-01-01,7.63760697105,0.0229152010577,0.180164660832,0.250926359899
lwti,civil_war,48,partialled,3,2012-12-01,7.09502594079,0.0212872888797,0.180164660832,0.250926359899
lwti,civil_war,48,partialled,4,1991-03-01,6.09381919503,0.0182833566316,0.180164660832,0.250926359899
lwti,civil_war,48,partialled,5,2011-03-01,-5.86087302396,0.0175844455242,0.180164660832,0.250926359899
lwti,nuclear_threat,0,raw,1,2017-09-01,-66.5469910127,0.0273571890248,0.102106386432,0.165649755982
lwti,nuclear_threat,0,raw,2,1998-06-01,-64.8692629463,0.0266674820502,0.102106386432,0.165649755982
lwti,nuclear_threat,0,raw,3,1998-05-01,48.7194431493,0.0200283588354,0.102106386432,0.165649755982
lwti,nuclear_threat,0,raw,4,2002-12-01,35.3473284158,0.0145311385275,0.102106386432,0.165649755982
lwti,nuclear_threat,0,raw,5,2011-04-01,-32.8931060314,0.0135222179939,0.102106386432,0.165649755982
lwti,nuclear_threat,0,partialled,1,1998-05-01,29.6835371727,0.0620420171101,0.188569004402,0.274058629541
lwti,nuclear_threat,0,partialled,2,2017-08-01,25.5886743732,0.0534832814582,0.188569004402,0.274058629541
lwti,nuclear_threat,0,partialled,3,2011-03-01,12.5605808158,0.0262530629471,0.188569004402,0.274058629541
lwti,nuclear_threat,0,partialled,4,2022-08-01,11.6362961553,0.0243212013772,0.188569004402,0.274058629541
lwti,nuclear_threat,0,partialled,5,2006-10-01,10.7503355527,0.0224694415095,0.188569004402,0.274058629541
lwti,nuclear_threat,12,raw,1,2017-09-01,-66.5469910127,0.0279342965897,0.104260349252,0.169144183981
lwti,nuclear_threat,12,raw,2,1998-06-01,-64.8692629463,0.0272300400532,0.104260349252,0.169144183981
lwti,nuclear_threat,12,raw,3,1998-05-01,48.7194431493,0.0204508626747,0.104260349252,0.169144183981
lwti,nuclear_threat,12,raw,4,2002-12-01,35.3473284158,0.0148376769647,0.104260349252,0.169144183981
lwti,nuclear_threat,12,raw,5,2011-04-01,-32.8931060314,0.0138074729699,0.104260349252,0.169144183981
lwti,nuclear_threat,12,partialled,1,1998-05-01,29.6951078282,0.0637928219478,0.193151108249,0.280535129233
lwti,nuclear_threat,12,partialled,2,2017-08-01,25.0803353025,0.0538790892291,0.193151108249,0.280535129233
lwti,nuclear_threat,12,partialled,3,2011-03-01,12.7387229174,0.0273660930148,0.193151108249,0.280535129233
lwti,nuclear_threat,12,partialled,4,2022-08-01,11.6712270035,0.0250728338976,0.193151108249,0.280535129233
lwti,nuclear_threat,12,partialled,5,2006-10-01,10.7250829467,0.0230402701601,0.193151108249,0.280535129233
lwti,nuclear_threat,24,raw,1,2017-09-01,-66.5469910127,0.0284018369244,0.106005369694,0.171975174485
lwti,nuclear_threat,24,raw,2,1998-06-01,-64.8692629463,0.0276857931451,0.106005369694,0.171975174485
lwti,nuclear_threat,24,raw,3,1998-05-01,48.7194431493,0.020793151701,0.106005369694,0.171975174485
lwti,nuclear_threat,24,raw,4,2002-12-01,35.3473284158,0.0150860172955,0.106005369694,0.171975174485
lwti,nuclear_threat,24,raw,5,2011-04-01,-32.8931060314,0.0140385706284,0.106005369694,0.171975174485
lwti,nuclear_threat,24,partialled,1,1998-05-01,29.6583637198,0.0646192630709,0.195536157889,0.283746931415
lwti,nuclear_threat,24,partialled,2,2017-08-01,24.689729787,0.053793667086,0.195536157889,0.283746931415
lwti,nuclear_threat,24,partialled,3,2011-03-01,12.8042017781,0.0278976308649,0.195536157889,0.283746931415
lwti,nuclear_threat,24,partialled,4,2022-08-01,11.7310814766,0.0255595300944,0.195536157889,0.283746931415
lwti,nuclear_threat,24,partialled,5,2006-10-01,10.8620368418,0.0236660667729,0.195536157889,0.283746931415
lwti,nuclear_threat,48,raw,1,2017-09-01,-66.5469910127,0.0294526751155,0.109927457242,0.17699806209
lwti,nuclear_threat,48,raw,2,1998-06-01,-64.8692629463,0.0287101384671,0.109927457242,0.17699806209
lwti,nuclear_threat,48,raw,3,1998-05-01,48.7194431493,0.0215624765155,0.109927457242,0.17699806209
lwti,nuclear_threat,48,raw,4,2002-12-01,35.3473284158,0.01564418412,0.109927457242,0.17699806209
lwti,nuclear_threat,48,raw,5,2011-04-01,-32.8931060314,0.0145579830243,0.109927457242,0.17699806209
lwti,nuclear_threat,48,partialled,1,1998-05-01,29.6263084225,0.0663679382895,0.199167484942,0.287678546171
lwti,nuclear_threat,48,partialled,2,2017-08-01,24.4370142413,0.0547430422316,0.199167484942,0.287678546171
lwti,nuclear_threat,48,partialled,3,2011-03-01,12.628457109,0.0282898783792,0.199167484942,0.287678546171
lwti,nuclear_threat,48,partialled,4,2022-08-01,11.330586046,0.0253824278326,0.199167484942,0.287678546171
lwti,nuclear_threat,48,partialled,5,2006-10-01,10.8849814444,0.0243841982092,0.199167484942,0.287678546171
lwti,coup,0,raw,1,1991-09-01,-89.5867086313,0.0755427068602,0.247522704355,0.362137298647
lwti,coup,0,raw,2,1991-08-01,87.1056641481,0.0734506016923,0.247522704355,0.362137298647
lwti,coup,0,raw,3,1991-10-01,45.2997762179,0.0381983864341,0.247522704355,0.362137298647
lwti,coup,0,raw,4,2026-01-01,37.3430553254,0.031488995687,0.247522704355,0.362137298647
lwti,coup,0,raw,5,2013-08-01,-34.2039779005,0.0288420136811,0.247522704355,0.362137298647
lwti,coup,0,partialled,1,1991-08-01,69.8708248089,0.163901591263,0.373203092857,0.495642235571
lwti,coup,0,partialled,2,2026-01-01,25.6206556943,0.0601004245906,0.373203092857,0.495642235571
lwti,coup,0,partialled,3,2013-07-01,22.8098025174,0.0535067811097,0.373203092857,0.495642235571
lwti,coup,0,partialled,4,2024-12-01,21.8881013588,0.0513446728623,0.373203092857,0.495642235571
lwti,coup,0,partialled,5,2021-02-01,18.906129692,0.044349623031,0.373203092857,0.495642235571
lwti,coup,12,raw,1,1991-09-01,-89.5867086313,0.0809202978866,0.259276256175,0.369560346967
lwti,coup,12,raw,2,1991-08-01,87.1056641481,0.0786792639015,0.259276256175,0.369560346967
lwti,coup,12,raw,3,1991-10-01,45.2997762179,0.0409175807633,0.259276256175,0.369560346967
lwti,coup,12,raw,4,2013-08-01,-34.2039779005,0.0308951642816,0.259276256175,0.369560346967
lwti,coup,12,raw,5,2013-07-01,30.8481255781,0.027863949342,0.259276256175,0.369560346967
lwti,coup,12,partialled,1,1991-08-01,69.6907989814,0.179911679362,0.3795393869,0.497211534986
lwti,coup,12,partialled,2,2013-07-01,22.990991999,0.0593528563483,0.3795393869,0.497211534986
lwti,coup,12,partialled,3,2024-12-01,22.2453279389,0.0574278723438,0.3795393869,0.497211534986
lwti,coup,12,partialled,4,2021-02-01,19.2631316193,0.0497291236441,0.3795393869,0.497211534986
lwti,coup,12,partialled,5,2016-07-01,12.8285712065,0.0331178552019,0.3795393869,0.497211534986
lwti,coup,24,raw,1,1991-09-01,-89.5867086313,0.086064967865,0.275760263354,0.383887580364
lwti,coup,24,raw,2,1991-08-01,87.1056641481,0.0836814556568,0.275760263354,0.383887580364
lwti,coup,24,raw,3,1991-10-01,45.2997762179,0.0435189978965,0.275760263354,0.383887580364
lwti,coup,24,raw,4,2013-08-01,-34.2039779005,0.0328593862174,0.275760263354,0.383887580364
lwti,coup,24,raw,5,2013-07-01,30.8481255781,0.0296354557181,0.275760263354,0.383887580364
lwti,coup,24,partialled,1,1991-08-01,69.7293114699,0.193497058961,0.379537307247,0.488426053188
lwti,coup,24,partialled,2,2013-07-01,23.1520353469,0.0642463069568,0.379537307247,0.488426053188
lwti,coup,24,partialled,3,2021-02-01,19.4929083938,0.0540923230887,0.379537307247,0.488426053188
lwti,coup,24,partialled,4,2016-07-01,12.9894197478,0.036045308147,0.379537307247,0.488426053188
lwti,coup,24,partialled,5,2023-06-01,11.4077842752,0.0316563100936,0.379537307247,0.488426053188
lwti,coup,48,raw,1,1991-09-01,-89.5867086313,0.0932227393939,0.298694437511,0.411350070724
lwti,coup,48,raw,2,1991-08-01,87.1056641481,0.0906409974501,0.298694437511,0.411350070724
lwti,coup,48,raw,3,1991-10-01,45.2997762179,0.0471383456037,0.298694437511,0.411350070724
lwti,coup,48,raw,4,2013-08-01,-34.2039779005,0.035592205214,0.298694437511,0.411350070724
lwti,coup,48,raw,5,2013-07-01,30.8481255781,0.0321001498491,0.298694437511,0.411350070724
lwti,coup,48,partialled,1,1991-08-01,68.4982407775,0.202413807458,0.402552433568,0.500115146498
lwti,coup,48,partialled,2,2013-07-01,23.2174735714,0.0686081448488,0.402552433568,0.500115146498
lwti,coup,48,partialled,3,2021-02-01,19.9077780255,0.0588279217457,0.402552433568,0.500115146498
lwti,coup,48,partialled,4,2016-07-01,13.2718088685,0.0392184869925,0.402552433568,0.500115146498
lwti,coup,48,partialled,5,1991-10-01,11.3312431136,0.0334840725227,0.402552433568,0.500115146498
lwti,sanctions,0,raw,1,2025-05-01,-170.310954816,0.0846194451532,0.227153840234,0.322225470343
lwti,sanctions,0,raw,2,2022-04-01,-106.79442541,0.0530610907171,0.227153840234,0.322225470343
lwti,sanctions,0,raw,3,2025-04-01,83.6082337752,0.0415409705144,0.227153840234,0.322225470343
lwti,sanctions,0,raw,4,2025-06-01,51.7674213856,0.0257207792616,0.227153840234,0.322225470343
lwti,sanctions,0,raw,5,2022-03-01,44.7045128102,0.022211554588,0.227153840234,0.322225470343
lwti,sanctions,0,partialled,1,2022-03-01,34.183070922,0.0913992493593,0.273416979932,0.383140236612
lwti,sanctions,0,partialled,2,2025-04-01,30.5955628668,0.0818069121446,0.273416979932,0.383140236612
lwti,sanctions,0,partialled,3,1990-08-01,12.626049414,0.0337597356728,0.273416979932,0.383140236612
lwti,sanctions,0,partialled,4,2018-03-01,12.6049699128,0.0337033729607,0.273416979932,0.383140236612
lwti,sanctions,0,partialled,5,2019-05-01,12.2475544852,0.0327477097942,0.273416979932,0.383140236612
lwti,sanctions,12,raw,1,2025-05-01,-170.310954816,0.0909369040041,0.244112531418,0.344718942154
lwti,sanctions,12,raw,2,2022-04-01,-106.79442541,0.0570224882018,0.244112531418,0.344718942154
lwti,sanctions,12,raw,3,2025-04-01,83.6082337752,0.0446423069906,0.244112531418,0.344718942154
lwti,sanctions,12,raw,4,2025-06-01,51.7674213856,0.0276410230579,0.244112531418,0.344718942154
lwti,sanctions,12,raw,5,2022-03-01,44.7045128102,0.0238698091638,0.244112531418,0.344718942154
lwti,sanctions,12,partialled,1,2022-03-01,33.5020527813,0.0946156250838,0.287674346051,0.404586469931
lwti,sanctions,12,partialled,2,2025-04-01,30.7133575258,0.0867398645599,0.287674346051,0.404586469931
lwti,sanctions,12,partialled,3,1990-08-01,12.9108839961,0.036462582387,0.287674346051,0.404586469931
lwti,sanctions,12,partialled,4,2018-03-01,12.715592358,0.0359110448281,0.287674346051,0.404586469931
lwti,sanctions,12,partialled,5,2019-05-01,12.0195248837,0.0339452291924,0.287674346051,0.404586469931
lwti,sanctions,24,raw,1,2022-04-01,-106.79442541,0.0726165166525,0.181922119032,0.277816710865
lwti,sanctions,24,raw,2,2022-03-01,44.7045128102,0.030397522965,0.181922119032,0.277816710865
lwti,sanctions,24,raw,3,2022-05-01,42.8212204601,0.0291169492854,0.181922119032,0.277816710865
lwti,sanctions,24,raw,4,2018-03-01,37.128082945,0.0252458126266,0.181922119032,0.277816710865
lwti,sanctions,24,raw,5,2018-04-01,-36.0978906737,0.0245453175029,0.181922119032,0.277816710865
lwti,sanctions,24,partialled,1,2022-03-01,34.4133755063,0.12341508868,0.294831151686,0.389568062007
lwti,sanctions,24,partialled,2,1990-08-01,13.4621965781,0.0482788497226,0.294831151686,0.389568062007
lwti,sanctions,24,partialled,3,2018-03-01,13.4618664321,0.0482776657351,0.294831151686,0.389568062007
lwti,sanctions,24,partialled,4,2019-05-01,12.368319456,0.0443559290544,0.294831151686,0.389568062007
lwti,sanctions,24,partialled,5,2022-02-01,8.5057061399,0.0305036184942,0.294831151686,0.389568062007
lwti,sanctions,48,raw,1,2022-04-01,-106.79442541,0.0793676200639,0.1988352828,0.303645123338
lwti,sanctions,48,raw,2,2022-03-01,44.7045128102,0.0332235580111,0.1988352828,0.303645123338
lwti,sanctions,48,raw,3,2022-05-01,42.8212204601,0.0318239303514,0.1988352828,0.303645123338
lwti,sanctions,48,raw,4,2018-03-01,37.128082945,0.0275928970036,0.1988352828,0.303645123338
lwti,sanctions,48,raw,5,2018-04-01,-36.0978906737,0.0268272773706,0.1988352828,0.303645123338
lwti,sanctions,48,partialled,1,2022-03-01,33.1638202018,0.125383036249,0.307437289554,0.406782451416
lwti,sanctions,48,partialled,2,1990-08-01,13.7331815824,0.0519212802892,0.307437289554,0.406782451416
lwti,sanctions,48,partialled,3,2018-03-01,13.5660715761,0.0512894845593,0.307437289554,0.406782451416
lwti,sanctions,48,partialled,4,2019-05-01,12.0769128714,0.0456593961464,0.307437289554,0.406782451416
lwti,sanctions,48,partialled,5,2022-02-01,8.7771942989,0.0331840923103,0.307437289554,0.406782451416
lwti,other,0,raw,1,2021-09-01,-71.47985706,0.0186749997051,0.0651060717801,0.110207370172
lwti,other,0,raw,2,2015-10-01,-48.5906419585,0.0126949082101,0.0651060717801,0.110207370172
lwti,other,0,raw,3,2015-11-01,47.9580201454,0.0125296279107,0.0651060717801,0.110207370172
lwti,other,0,raw,4,2011-03-01,-41.1027037259,0.0107385914233,0.0651060717801,0.110207370172
lwti,other,0,raw,5,2021-02-01,-40.0667839673,0.0104679445308,0.0651060717801,0.110207370172
lwti,other,0,partialled,1,2021-08-01,9.25281899105,0.0507405231626,0.137375249844,0.215090022315
lwti,other,0,partialled,2,2001-10-01,4.84785564757,0.0265846259408,0.137375249844,0.215090022315
lwti,other,0,partialled,3,2021-02-01,3.75054620222,0.0205672105582,0.137375249844,0.215090022315
lwti,other,0,partialled,4,2011-02-01,3.65495360469,0.0200430007565,0.137375249844,0.215090022315
lwti,other,0,partialled,5,2015-09-01,3.54497287077,0.0194398894255,0.137375249844,0.215090022315
lwti,other,12,raw,1,2021-09-01,-71.47985706,0.0192944681327,0.0672657053301,0.111586572336
lwti,other,12,raw,2,2015-10-01,-48.5906419585,0.0131160110187,0.0672657053301,0.111586572336
lwti,other,12,raw,3,2015-11-01,47.9580201454,0.0129452482064,0.0672657053301,0.111586572336
lwti,other,12,raw,4,2011-03-01,-41.1027037259,0.0110948012465,0.0672657053301,0.111586572336
lwti,other,12,raw,5,2021-02-01,-40.0667839673,0.0108151767258,0.0672657053301,0.111586572336
lwti,other,12,partialled,1,2021-08-01,9.09505757167,0.0519341275915,0.142337849287,0.221673134613
lwti,other,12,partialled,2,2001-10-01,4.7847568489,0.0273216712183,0.142337849287,0.221673134613
lwti,other,12,partialled,3,2021-02-01,3.88407309504,0.0221786334065,0.142337849287,0.221673134613
lwti,other,12,partialled,4,2011-02-01,3.63565349839,0.0207601206673,0.142337849287,0.221673134613
lwti,other,12,partialled,5,2015-09-01,3.52763103886,0.0201432964029,0.142337849287,0.221673134613
lwti,other,24,raw,1,2021-09-01,-71.47985706,0.0201069127741,0.0700981058641,0.116285220266
lwti,other,24,raw,2,2015-10-01,-48.5906419585,0.0136682953727,0.0700981058641,0.116285220266
lwti,other,24,raw,3,2015-11-01,47.9580201454,0.0134903421403,0.0700981058641,0.116285220266
lwti,other,24,raw,4,2011-03-01,-41.1027037259,0.0115619772141,0.0700981058641,0.116285220266
lwti,other,24,raw,5,2021-02-01,-40.0667839673,0.011270578363,0.0700981058641,0.116285220266
lwti,other,24,partialled,1,2021-08-01,9.07648778388,0.0531682979478,0.145150487005,0.22566122771
lwti,other,24,partialled,2,2001-10-01,4.70645296664,0.0275694849777,0.145150487005,0.22566122771
lwti,other,24,partialled,3,2021-02-01,3.92386280566,0.0229852242106,0.145150487005,0.22566122771
lwti,other,24,partialled,4,2011-02-01,3.61406415963,0.0211704840702,0.145150487005,0.22566122771
lwti,other,24,partialled,5,2015-09-01,3.45812038377,0.0202569957985,0.145150487005,0.22566122771
lwti,other,48,raw,1,2021-09-01,-71.47985706,0.0224379501163,0.0782247289927,0.129766414214
lwti,other,48,raw,2,2015-10-01,-48.5906419585,0.015252890048,0.0782247289927,0.129766414214
lwti,other,48,raw,3,2015-11-01,47.9580201454,0.0150543063174,0.0782247289927,0.129766414214
lwti,other,48,raw,4,2011-03-01,-41.1027037259,0.0129023819266,0.0782247289927,0.129766414214
lwti,other,48,raw,5,2021-02-01,-40.0667839673,0.0125772005843,0.0782247289927,0.129766414214
lwti,other,48,partialled,1,2021-08-01,9.06200527807,0.0568818259891,0.155257891783,0.239903510414
lwti,other,48,partialled,2,2001-10-01,4.55652657292,0.028601125654,0.155257891783,0.239903510414
lwti,other,48,partialled,3,2021-02-01,3.95654973237,0.0248350962605,0.155257891783,0.239903510414
lwti,other,48,partialled,4,2011-02-01,3.62299201508,0.0227413684983,0.155257891783,0.239903510414
lwti,other,48,partialled,5,2015-09-01,3.53650217043,0.0221984753811,0.155257891783,0.239903510414
lbrent,gpr_ai,0,raw,1,2022-04-01,-1278.71700808,0.0254655775046,0.110245423226,0.184528720171
lbrent,gpr_ai,0,raw,2,2001-10-01,-1164.2191569,0.0231853592195,0.110245423226,0.184528720171
lbrent,gpr_ai,0,raw,3,2001-09-01,1112.59347123,0.0221572365847,0.110245423226,0.184528720171
lbrent,gpr_ai,0,raw,4,2026-03-01,1051.43023433,0.0209391741518,0.110245423226,0.184528720171
lbrent,gpr_ai,0,raw,5,1991-02-01,-928.854022371,0.0184980757648,0.110245423226,0.184528720171
lbrent,gpr_ai,0,partialled,1,2001-09-01,189.418084704,0.112762409919,0.334781594774,0.461678917564
lbrent,gpr_ai,0,partialled,2,1991-01-01,105.409565297,0.0627513293143,0.334781594774,0.461678917564
lbrent,gpr_ai,0,partialled,3,1990-08-01,94.7993487177,0.0564349652084,0.334781594774,0.461678917564
lbrent,gpr_ai,0,partialled,4,2026-03-01,88.8083471474,0.0528684642804,0.334781594774,0.461678917564
lbrent,gpr_ai,0,partialled,5,2023-10-01,83.9301491787,0.0499644260526,0.334781594774,0.461678917564
lbrent,gpr_ai,12,raw,1,2022-04-01,-1278.71700808,0.0266233013898,0.112389891127,0.183592100858
lbrent,gpr_ai,12,raw,2,2001-10-01,-1164.2191569,0.0242394191225,0.112389891127,0.183592100858
lbrent,gpr_ai,12,raw,3,2001-09-01,1112.59347123,0.0231645556616,0.112389891127,0.183592100858
lbrent,gpr_ai,12,raw,4,1991-02-01,-928.854022371,0.0193390409516,0.112389891127,0.183592100858
lbrent,gpr_ai,12,raw,5,2023-11-01,-913.702146613,0.0190235740012,0.112389891127,0.183592100858
lbrent,gpr_ai,12,partialled,1,2001-09-01,188.372580644,0.121603697929,0.360119355955,0.457262798195
lbrent,gpr_ai,12,partialled,2,1991-01-01,102.680057118,0.0662849901323,0.360119355955,0.457262798195
lbrent,gpr_ai,12,partialled,3,1990-08-01,95.3431295541,0.0615486451708,0.360119355955,0.457262798195
lbrent,gpr_ai,12,partialled,4,2023-10-01,87.3200480029,0.0563693543096,0.360119355955,0.457262798195
lbrent,gpr_ai,12,partialled,5,2022-03-01,84.1340985916,0.0543126684135,0.360119355955,0.457262798195
lbrent,gpr_ai,24,raw,1,2022-04-01,-1278.71700808,0.027745890376,0.117128884691,0.191333382353
lbrent,gpr_ai,24,raw,2,2001-10-01,-1164.2191569,0.0252614901474,0.117128884691,0.191333382353
lbrent,gpr_ai,24,raw,3,2001-09-01,1112.59347123,0.0241413043628,0.117128884691,0.191333382353
lbrent,gpr_ai,24,raw,4,1991-02-01,-928.854022371,0.020154484313,0.117128884691,0.191333382353
lbrent,gpr_ai,24,raw,5,2023-11-01,-913.702146613,0.0198257154915,0.117128884691,0.191333382353
lbrent,gpr_ai,24,partialled,1,2001-09-01,188.172251601,0.125828276044,0.372331586068,0.472080557341
lbrent,gpr_ai,24,partialled,2,1991-01-01,102.483553454,0.0685293859441,0.372331586068,0.472080557341
lbrent,gpr_ai,24,partialled,3,1990-08-01,93.0150127871,0.0621978990292,0.372331586068,0.472080557341
lbrent,gpr_ai,24,partialled,4,2023-10-01,88.4243405495,0.059128177704,0.372331586068,0.472080557341
lbrent,gpr_ai,24,partialled,5,2022-03-01,84.7150840717,0.056647847347,0.372331586068,0.472080557341
lbrent,gpr_ai,48,raw,1,2022-04-01,-1278.71700808,0.0311308005091,0.130037237664,0.198542044084
lbrent,gpr_ai,48,raw,2,2001-10-01,-1164.2191569,0.0283433113764,0.130037237664,0.198542044084
lbrent,gpr_ai,48,raw,3,2001-09-01,1112.59347123,0.0270864664988,0.130037237664,0.198542044084
lbrent,gpr_ai,48,raw,4,1991-02-01,-928.854022371,0.0226132671184,0.130037237664,0.198542044084
lbrent,gpr_ai,48,raw,5,1990-09-01,-856.97681931,0.0208633921613,0.130037237664,0.198542044084
lbrent,gpr_ai,48,partialled,1,2001-09-01,188.393713299,0.140146147691,0.385913869721,0.47221242782
lbrent,gpr_ai,48,partialled,2,1991-01-01,99.3155292994,0.0738808561788,0.385913869721,0.47221242782
lbrent,gpr_ai,48,partialled,3,1990-08-01,92.8520855828,0.0690726981896,0.385913869721,0.47221242782
lbrent,gpr_ai,48,partialled,4,2022-03-01,86.9250580282,0.0646635803666,0.385913869721,0.47221242782
lbrent,gpr_ai,48,partialled,5,2022-02-01,51.2845406276,0.0381505872952,0.385913869721,0.47221242782
lbrent,military_conflict,0,raw,1,2022-04-01,-1078.50054615,0.0358849666176,0.158608242788,0.26067809069
lbrent,military_conflict,0,raw,2,2026-03-01,1010.71922936,0.0336296777361,0.158608242788,0.26067809069
lbrent,military_conflict,0,raw,3,1991-02-01,-1006.67358227,0.0334950668531,0.158608242788,0.26067809069
lbrent,military_conflict,0,raw,4,2023-11-01,-845.456900705,0.0281309015249,0.158608242788,0.26067809069
lbrent,military_conflict,0,raw,5,1991-01-01,825.522685675,0.0274676300565,0.158608242788,0.26067809069
lbrent,military_conflict,0,partialled,1,1990-08-01,314.2444375,0.0916356356628,0.322732112753,0.435249285191
lbrent,military_conflict,0,partialled,2,2026-03-01,252.082783426,0.0735089100787,0.322732112753,0.435249285191
lbrent,military_conflict,0,partialled,3,1991-01-01,247.84526169,0.0722732223414,0.322732112753,0.435249285191
lbrent,military_conflict,0,partialled,4,2023-10-01,181.43323319,0.0529070610954,0.322732112753,0.435249285191
lbrent,military_conflict,0,partialled,5,2022-02-01,111.133714784,0.0324072835746,0.322732112753,0.435249285191
lbrent,military_conflict,12,raw,1,2022-04-01,-1078.50054615,0.0378916089775,0.157352560566,0.255621400619
lbrent,military_conflict,12,raw,2,1991-02-01,-1006.67358227,0.0353680690134,0.157352560566,0.255621400619
lbrent,military_conflict,12,raw,3,2023-11-01,-845.456900705,0.0297039462827,0.157352560566,0.255621400619
lbrent,military_conflict,12,raw,4,1991-01-01,825.522685675,0.0290035855051,0.157352560566,0.255621400619
lbrent,military_conflict,12,raw,5,2003-04-01,-722.537665384,0.0253853507872,0.157352560566,0.255621400619
lbrent,military_conflict,12,partialled,1,1990-08-01,311.089606529,0.099537165526,0.308515211756,0.417295552691
lbrent,military_conflict,12,partialled,2,1991-01-01,241.835103004,0.0773782864247,0.308515211756,0.417295552691
lbrent,military_conflict,12,partialled,3,2023-10-01,190.537497704,0.0609649504513,0.308515211756,0.417295552691
lbrent,military_conflict,12,partialled,4,2022-02-01,116.466583265,0.0372649980372,0.308515211756,0.417295552691
lbrent,military_conflict,12,partialled,5,2022-03-01,104.292717373,0.0333698113163,0.308515211756,0.417295552691
lbrent,military_conflict,24,raw,1,2022-04-01,-1078.50054615,0.0404398963489,0.167934838642,0.271514578064
lbrent,military_conflict,24,raw,2,1991-02-01,-1006.67358227,0.0377466432162,0.167934838642,0.271514578064
lbrent,military_conflict,24,raw,3,2023-11-01,-845.456900705,0.0317015967714,0.167934838642,0.271514578064
lbrent,military_conflict,24,raw,4,1991-01-01,825.522685675,0.0309541353144,0.167934838642,0.271514578064
lbrent,military_conflict,24,raw,5,2003-04-01,-722.537665384,0.0270925669908,0.167934838642,0.271514578064
lbrent,military_conflict,24,partialled,1,1990-08-01,298.7225543,0.0993854718353,0.316578410973,0.429342009725
lbrent,military_conflict,24,partialled,2,1991-01-01,242.363411421,0.0806346948129,0.316578410973,0.429342009725
lbrent,military_conflict,24,partialled,3,2023-10-01,192.188580264,0.0639414481965,0.316578410973,0.429342009725
lbrent,military_conflict,24,partialled,4,2022-02-01,114.224805562,0.0380027755945,0.316578410973,0.429342009725
lbrent,military_conflict,24,partialled,5,2022-03-01,104.039236696,0.0346140205339,0.316578410973,0.429342009725
lbrent,military_conflict,48,raw,1,2022-04-01,-1078.50054615,0.0464551713018,0.186199005078,0.278004659004
lbrent,military_conflict,48,raw,2,1991-02-01,-1006.67358227,0.0433613073967,0.186199005078,0.278004659004
lbrent,military_conflict,48,raw,3,1991-01-01,825.522685675,0.0355584407568,0.186199005078,0.278004659004
lbrent,military_conflict,48,raw,4,2003-04-01,-722.537665384,0.0311224793878,0.186199005078,0.278004659004
lbrent,military_conflict,48,raw,5,1990-09-01,-689.550757186,0.0297016062353,0.186199005078,0.278004659004
lbrent,military_conflict,48,partialled,1,1990-08-01,277.178106922,0.102068157161,0.316924049736,0.425821934235
lbrent,military_conflict,48,partialled,2,1991-01-01,240.628290955,0.0886090409211,0.316924049736,0.425821934235
lbrent,military_conflict,48,partialled,3,2022-02-01,124.593745674,0.045880441843,0.316924049736,0.425821934235
lbrent,military_conflict,48,partialled,4,2022-03-01,117.023159568,0.0430926467278,0.316924049736,0.425821934235
lbrent,military_conflict,48,partialled,5,2003-03-01,101.221295421,0.0372737630826,0.316924049736,0.425821934235
lbrent,diplomatic_tension,0,raw,1,2025-03-01,-198.186876206,0.0141066623301,0.0578985220624,0.101496635663
lbrent,diplomatic_tension,0,raw,2,2018-11-01,-169.422577161,0.0120592600926,0.0578985220624,0.101496635663
lbrent,diplomatic_tension,0,raw,3,2018-08-01,-155.854698188,0.0110935176031,0.0578985220624,0.101496635663
lbrent,diplomatic_tension,0,raw,4,2026-02-01,-150.347555079,0.0107015269238,0.0578985220624,0.101496635663
lbrent,diplomatic_tension,0,raw,5,2018-12-01,139.614386371,0.00993755511294,0.0578985220624,0.101496635663
lbrent,diplomatic_tension,0,partialled,1,2025-02-01,24.6912228644,0.0468950178493,0.138821913213,0.223686137473
lbrent,diplomatic_tension,0,partialled,2,2018-10-01,13.7688268887,0.0261505631477,0.138821913213,0.223686137473
lbrent,diplomatic_tension,0,partialled,3,2026-03-01,12.8956950327,0.0244922599443,0.138821913213,0.223686137473
lbrent,diplomatic_tension,0,partialled,4,2022-03-01,11.5372237392,0.0219121716309,0.138821913213,0.223686137473
lbrent,diplomatic_tension,0,partialled,5,2011-03-01,10.199717112,0.0193719006406,0.138821913213,0.223686137473
lbrent,diplomatic_tension,12,raw,1,2025-03-01,-198.186876206,0.0144438786927,0.0583387205856,0.101012016945
lbrent,diplomatic_tension,12,raw,2,2018-11-01,-169.422577161,0.0123475337982,0.0583387205856,0.101012016945
lbrent,diplomatic_tension,12,raw,3,2018-08-01,-155.854698188,0.0113587054673,0.0583387205856,0.101012016945
lbrent,diplomatic_tension,12,raw,4,2018-12-01,139.614386371,0.0101751099725,0.0583387205856,0.101012016945
lbrent,diplomatic_tension,12,raw,5,2019-09-01,-137.396808117,0.010013492655,0.0583387205856,0.101012016945
lbrent,diplomatic_tension,12,partialled,1,2025-02-01,24.5975205017,0.0489711273251,0.140844712438,0.216411494881
lbrent,diplomatic_tension,12,partialled,2,2018-10-01,13.5705075072,0.0270174813333,0.140844712438,0.216411494881
lbrent,diplomatic_tension,12,partialled,3,2022-03-01,11.8144031883,0.023521258688,0.140844712438,0.216411494881
lbrent,diplomatic_tension,12,partialled,4,2018-08-01,10.47610403,0.020856843042,0.140844712438,0.216411494881
lbrent,diplomatic_tension,12,partialled,5,2011-03-01,10.2858174347,0.0204780020491,0.140844712438,0.216411494881
lbrent,diplomatic_tension,24,raw,1,2018-11-01,-169.422577161,0.0131795257083,0.0564383126664,0.10072717613
lbrent,diplomatic_tension,24,raw,2,2018-08-01,-155.854698188,0.0121240689166,0.0564383126664,0.10072717613
lbrent,diplomatic_tension,24,raw,3,2018-12-01,139.614386371,0.0108607213116,0.0564383126664,0.10072717613
lbrent,diplomatic_tension,24,raw,4,2019-09-01,-137.396808117,0.0106882140218,0.0564383126664,0.10072717613
lbrent,diplomatic_tension,24,raw,5,2018-09-01,123.22507247,0.00958578270815,0.0564383126664,0.10072717613
lbrent,diplomatic_tension,24,partialled,1,2018-10-01,14.0781026429,0.0307509243499,0.121984794058,0.19870891272
lbrent,diplomatic_tension,24,partialled,2,2022-03-01,11.2866656441,0.0246535637783,0.121984794058,0.19870891272
lbrent,diplomatic_tension,24,partialled,3,2019-08-01,10.3068411319,0.022513324414,0.121984794058,0.19870891272
lbrent,diplomatic_tension,24,partialled,4,2011-03-01,10.160303658,0.0221932413113,0.121984794058,0.19870891272
lbrent,diplomatic_tension,24,partialled,5,2018-08-01,10.0140326281,0.0218737402045,0.121984794058,0.19870891272
lbrent,diplomatic_tension,48,raw,1,2018-11-01,-169.422577161,0.0144280644627,0.0617848950969,0.109044142576
lbrent,diplomatic_tension,48,raw,2,2018-08-01,-155.854698188,0.0132726208628,0.0617848950969,0.109044142576
lbrent,diplomatic_tension,48,raw,3,2018-12-01,139.614386371,0.011889592286,0.0617848950969,0.109044142576
lbrent,diplomatic_tension,48,raw,4,2019-09-01,-137.396808117,0.0117007428272,0.0617848950969,0.109044142576
lbrent,diplomatic_tension,48,raw,5,2018-09-01,123.22507247,0.0104938746582,0.0617848950969,0.109044142576
lbrent,diplomatic_tension,48,partialled,1,2018-10-01,13.802441817,0.0330997086056,0.135815474465,0.218439572788
lbrent,diplomatic_tension,48,partialled,2,2022-03-01,11.5274007573,0.0276439206267,0.135815474465,0.218439572788
lbrent,diplomatic_tension,48,partialled,3,2018-08-01,10.6027099424,0.0254264147007,0.135815474465,0.218439572788
lbrent,diplomatic_tension,48,partialled,4,2011-03-01,10.571415748,0.025351367928,0.135815474465,0.218439572788
lbrent,diplomatic_tension,48,partialled,5,2019-08-01,10.1305237936,0.0242940626041,0.135815474465,0.218439572788
lbrent,terrorism,0,raw,1,2001-10-01,-1161.29989157,0.0968157273854,0.231896989201,0.292102977507
lbrent,terrorism,0,raw,2,2001-09-01,904.969633436,0.075445880912,0.231896989201,0.292102977507
lbrent,terrorism,0,raw,3,2015-12-01,-316.578341107,0.0263926334542,0.231896989201,0.292102977507
lbrent,terrorism,0,raw,4,2015-11-01,228.340716599,0.0190364028531,0.231896989201,0.292102977507
lbrent,terrorism,0,raw,5,2013-05-01,-170.404405201,0.0142063445962,0.231896989201,0.292102977507
lbrent,terrorism,0,partialled,1,2001-09-01,480.448218257,0.266565902553,0.440316177147,0.520983193088
lbrent,terrorism,0,partialled,2,2001-10-01,-128.357433845,0.0712162391327,0.440316177147,0.520983193088
lbrent,terrorism,0,partialled,3,2015-11-01,111.300716512,0.0617527026314,0.440316177147,0.520983193088
lbrent,terrorism,0,partialled,4,1998-08-01,37.0320244435,0.0205463869862,0.440316177147,0.520983193088
lbrent,terrorism,0,partialled,5,2013-04-01,36.470694804,0.0202349458437,0.440316177147,0.520983193088
lbrent,terrorism,12,raw,1,2001-10-01,-1161.29989157,0.0990558074298,0.237262520524,0.29886152871
lbrent,terrorism,12,raw,2,2001-09-01,904.969633436,0.0771915147757,0.237262520524,0.29886152871
lbrent,terrorism,12,raw,3,2015-12-01,-316.578341107,0.0270032946878,0.237262520524,0.29886152871
lbrent,terrorism,12,raw,4,2015-11-01,228.340716599,0.0194768588338,0.237262520524,0.29886152871
lbrent,terrorism,12,raw,5,2013-05-01,-170.404405201,0.014535044797,0.237262520524,0.29886152871
lbrent,terrorism,12,partialled,1,2001-09-01,480.888282749,0.27407281013,0.44992418457,0.532934722676
lbrent,terrorism,12,partialled,2,2001-10-01,-123.233162109,0.0702343148129,0.44992418457,0.532934722676
lbrent,terrorism,12,partialled,3,2015-11-01,111.56751843,0.0635857108441,0.44992418457,0.532934722676
lbrent,terrorism,12,partialled,4,1998-08-01,37.2505429344,0.0212302136424,0.44992418457,0.532934722676
lbrent,terrorism,12,partialled,5,2013-04-01,36.497681593,0.0208011351415,0.44992418457,0.532934722676
lbrent,terrorism,24,raw,1,2001-10-01,-1161.29989157,0.100852567687,0.241566194164,0.304282538654
lbrent,terrorism,24,raw,2,2001-09-01,904.969633436,0.0785916815052,0.241566194164,0.304282538654
lbrent,terrorism,24,raw,3,2015-12-01,-316.578341107,0.027493103897,0.241566194164,0.304282538654
lbrent,terrorism,24,raw,4,2015-11-01,228.340716599,0.0198301470133,0.241566194164,0.304282538654
lbrent,terrorism,24,raw,5,2013-05-01,-170.404405201,0.014798694062,0.241566194164,0.304282538654
lbrent,terrorism,24,partialled,1,2001-09-01,482.774474961,0.280623606912,0.461095285103,0.545982555885
lbrent,terrorism,24,partialled,2,2001-10-01,-125.367763114,0.0728728540968,0.461095285103,0.545982555885
lbrent,terrorism,24,partialled,3,2015-11-01,111.214086447,0.0646457087044,0.461095285103,0.545982555885
lbrent,terrorism,24,partialled,4,1998-08-01,37.7512474189,0.0219437682925,0.461095285103,0.545982555885
lbrent,terrorism,24,partialled,5,2013-04-01,36.143703753,0.0210093470976,0.461095285103,0.545982555885
lbrent,terrorism,48,raw,1,2001-10-01,-1161.29989157,0.104966782339,0.251420729336,0.316695546152
lbrent,terrorism,48,raw,2,2001-09-01,904.969633436,0.0817977778395,0.251420729336,0.316695546152
lbrent,terrorism,48,raw,3,2015-12-01,-316.578341107,0.0286146671202,0.251420729336,0.316695546152
lbrent,terrorism,48,raw,4,2015-11-01,228.340716599,0.0206391049136,0.251420729336,0.316695546152
lbrent,terrorism,48,raw,5,2013-05-01,-170.404405201,0.0154023971242,0.251420729336,0.316695546152
lbrent,terrorism,48,partialled,1,2001-09-01,478.5307273,0.291674613905,0.465099086199,0.553110905234
lbrent,terrorism,48,partialled,2,2015-11-01,109.201553585,0.0665606598751,0.465099086199,0.553110905234
lbrent,terrorism,48,partialled,3,2001-10-01,-103.470688634,0.0630675763042,0.465099086199,0.553110905234
lbrent,terrorism,48,partialled,4,1998-08-01,37.1254288369,0.0226287352187,0.465099086199,0.553110905234
lbrent,terrorism,48,partialled,5,2013-04-01,34.7280809358,0.0211675008955,0.465099086199,0.553110905234
lbrent,civil_war,0,raw,1,2011-03-01,-101.709147089,0.026699026825,0.0925733667222,0.14791158765
lbrent,civil_war,0,raw,2,2025-01-01,-77.4866098402,0.0203405213191,0.0925733667222,0.14791158765
lbrent,civil_war,0,raw,3,2011-02-01,62.2810163739,0.0163489968646,0.0925733667222,0.14791158765
lbrent,civil_war,0,raw,4,2024-12-01,60.932939865,0.0159951218012,0.0925733667222,0.14791158765
lbrent,civil_war,0,raw,5,1991-10-01,-50.2457687774,0.0131896999123,0.0925733667222,0.14791158765
lbrent,civil_war,0,partialled,1,2024-12-01,41.2697886902,0.0955698389723,0.240530231818,0.313635377425
lbrent,civil_war,0,partialled,2,2011-02-01,34.3949501494,0.0796495439294,0.240530231818,0.313635377425
lbrent,civil_war,0,partialled,3,2023-04-01,11.4534832429,0.0265232167146,0.240530231818,0.313635377425
lbrent,civil_war,0,partialled,4,2025-01-01,9.11391025231,0.0211053887811,0.240530231818,0.313635377425
lbrent,civil_war,0,partialled,5,2026-01-01,7.63569822239,0.017682243421,0.240530231818,0.313635377425
lbrent,civil_war,12,raw,1,2011-03-01,-101.709147089,0.0274412541655,0.0951468868822,0.152023498734
lbrent,civil_war,12,raw,2,2025-01-01,-77.4866098402,0.0209059835414,0.0951468868822,0.152023498734
lbrent,civil_war,12,raw,3,2011-02-01,62.2810163739,0.0168034955451,0.0951468868822,0.152023498734
lbrent,civil_war,12,raw,4,2024-12-01,60.932939865,0.0164397828293,0.0951468868822,0.152023498734
lbrent,civil_war,12,raw,5,1991-10-01,-50.2457687774,0.0135563708008,0.0951468868822,0.152023498734
lbrent,civil_war,12,partialled,1,2024-12-01,41.3606892776,0.099088618304,0.248439347715,0.317936722961
lbrent,civil_war,12,partialled,2,2011-02-01,33.8511371473,0.0810978362917,0.248439347715,0.317936722961
lbrent,civil_war,12,partialled,3,2023-04-01,11.6760985365,0.0279726593383,0.248439347715,0.317936722961
lbrent,civil_war,12,partialled,4,2025-01-01,9.61017346449,0.0230232819349,0.248439347715,0.317936722961
lbrent,civil_war,12,partialled,5,2011-01-01,7.20324327241,0.0172569518457,0.248439347715,0.317936722961
lbrent,civil_war,24,raw,1,2011-03-01,-101.709147089,0.029296389921,0.0874168448225,0.143785774271
lbrent,civil_war,24,raw,2,2011-02-01,62.2810163739,0.0179394773488,0.0874168448225,0.143785774271
lbrent,civil_war,24,raw,3,1991-10-01,-50.2457687774,0.0144728343135,0.0874168448225,0.143785774271
lbrent,civil_war,24,raw,4,2011-06-01,45.6332599406,0.0131442433139,0.0874168448225,0.143785774271
lbrent,civil_war,24,raw,5,1991-04-01,-43.6184645604,0.0125638999253,0.0874168448225,0.143785774271
lbrent,civil_war,24,partialled,1,2011-02-01,33.3677158173,0.0946045920165,0.186873751261,0.257532545902
lbrent,civil_war,24,partialled,2,2023-04-01,11.9812690924,0.033969453604,0.186873751261,0.257532545902
lbrent,civil_war,24,partialled,3,2011-01-01,7.3497372535,0.0208380728876,0.186873751261,0.257532545902
lbrent,civil_war,24,partialled,4,2012-12-01,6.90773242857,0.0195848949248,0.186873751261,0.257532545902
lbrent,civil_war,24,partialled,5,2011-03-01,-6.30525321097,0.0178767378279,0.186873751261,0.257532545902
lbrent,civil_war,48,raw,1,2011-03-01,-101.709147089,0.0304019377535,0.0907156643556,0.148951855849
lbrent,civil_war,48,raw,2,2011-02-01,62.2810163739,0.0186164532613,0.0907156643556,0.148951855849
lbrent,civil_war,48,raw,3,1991-10-01,-50.2457687774,0.0150189907051,0.0907156643556,0.148951855849
lbrent,civil_war,48,raw,4,2011-06-01,45.6332599406,0.013640263122,0.0907156643556,0.148951855849
lbrent,civil_war,48,raw,5,1991-04-01,-43.6184645604,0.0130380195137,0.0907156643556,0.148951855849
lbrent,civil_war,48,partialled,1,2011-02-01,33.9178699979,0.102262316369,0.182520307967,0.253059745187
lbrent,civil_war,48,partialled,2,2011-01-01,7.56563347724,0.0228103711769,0.182520307967,0.253059745187
lbrent,civil_war,48,partialled,3,2012-12-01,6.91029680104,0.0208345322898,0.182520307967,0.253059745187
lbrent,civil_war,48,partialled,4,2011-03-01,-6.14019047421,0.0185126631147,0.182520307967,0.253059745187
lbrent,civil_war,48,partialled,5,1991-03-01,6.00346133783,0.0181004250171,0.182520307967,0.253059745187
lbrent,nuclear_threat,0,raw,1,2017-09-01,-66.5469910127,0.0273571890248,0.102106386432,0.165649755982
lbrent,nuclear_threat,0,raw,2,1998-06-01,-64.8692629463,0.0266674820502,0.102106386432,0.165649755982
lbrent,nuclear_threat,0,raw,3,1998-05-01,48.7194431493,0.0200283588354,0.102106386432,0.165649755982
lbrent,nuclear_threat,0,raw,4,2002-12-01,35.3473284158,0.0145311385275,0.102106386432,0.165649755982
lbrent,nuclear_threat,0,raw,5,2011-04-01,-32.8931060314,0.0135222179939,0.102106386432,0.165649755982
lbrent,nuclear_threat,0,partialled,1,1998-05-01,29.5725636102,0.0619344099688,0.1886201539,0.274762110232
lbrent,nuclear_threat,0,partialled,2,2017-08-01,25.5390368721,0.0534869144486,0.1886201539,0.274762110232
lbrent,nuclear_threat,0,partialled,3,2011-03-01,12.2125498242,0.0255769867484,0.1886201539,0.274762110232
lbrent,nuclear_threat,0,partialled,4,2022-08-01,11.5364419265,0.0241610004892,0.1886201539,0.274762110232
lbrent,nuclear_threat,0,partialled,5,2006-10-01,11.2021289943,0.0234608422455,0.1886201539,0.274762110232
lbrent,nuclear_threat,12,raw,1,2017-09-01,-66.5469910127,0.0279342965897,0.104260349252,0.169144183981
lbrent,nuclear_threat,12,raw,2,1998-06-01,-64.8692629463,0.0272300400532,0.104260349252,0.169144183981
lbrent,nuclear_threat,12,raw,3,1998-05-01,48.7194431493,0.0204508626747,0.104260349252,0.169144183981
lbrent,nuclear_threat,12,raw,4,2002-12-01,35.3473284158,0.0148376769647,0.104260349252,0.169144183981
lbrent,nuclear_threat,12,raw,5,2011-04-01,-32.8931060314,0.0138074729699,0.104260349252,0.169144183981
lbrent,nuclear_threat,12,partialled,1,1998-05-01,29.5828224246,0.0636420356124,0.193077341127,0.280973859854
lbrent,nuclear_threat,12,partialled,2,2017-08-01,25.0401432075,0.0538692915395,0.193077341127,0.280973859854
lbrent,nuclear_threat,12,partialled,3,2011-03-01,12.4100438307,0.0266979411257,0.193077341127,0.280973859854
lbrent,nuclear_threat,12,partialled,4,2022-08-01,11.5680554875,0.0248865570949,0.193077341127,0.280973859854
lbrent,nuclear_threat,12,partialled,5,2006-10-01,11.14736377,0.0239815157543,0.193077341127,0.280973859854
lbrent,nuclear_threat,24,raw,1,2017-09-01,-66.5469910127,0.0284018369244,0.106005369694,0.171975174485
lbrent,nuclear_threat,24,raw,2,1998-06-01,-64.8692629463,0.0276857931451,0.106005369694,0.171975174485
lbrent,nuclear_threat,24,raw,3,1998-05-01,48.7194431493,0.020793151701,0.106005369694,0.171975174485
lbrent,nuclear_threat,24,raw,4,2002-12-01,35.3473284158,0.0150860172955,0.106005369694,0.171975174485
lbrent,nuclear_threat,24,raw,5,2011-04-01,-32.8931060314,0.0140385706284,0.106005369694,0.171975174485
lbrent,nuclear_threat,24,partialled,1,1998-05-01,29.5114578125,0.0644489590725,0.195440113293,0.284368893035
lbrent,nuclear_threat,24,partialled,2,2017-08-01,24.6168678386,0.0537598487309,0.195440113293,0.284368893035
lbrent,nuclear_threat,24,partialled,3,2011-03-01,12.4259833444,0.027136636119,0.195440113293,0.284368893035
lbrent,nuclear_threat,24,partialled,4,2022-08-01,11.6200412207,0.0253765695281,0.195440113293,0.284368893035
lbrent,nuclear_threat,24,partialled,5,2006-10-01,11.3185250963,0.0247180998421,0.195440113293,0.284368893035
lbrent,nuclear_threat,48,raw,1,2017-09-01,-66.5469910127,0.0294526751155,0.109927457242,0.17699806209
lbrent,nuclear_threat,48,raw,2,1998-06-01,-64.8692629463,0.0287101384671,0.109927457242,0.17699806209
lbrent,nuclear_threat,48,raw,3,1998-05-01,48.7194431493,0.0215624765155,0.109927457242,0.17699806209
lbrent,nuclear_threat,48,raw,4,2002-12-01,35.3473284158,0.01564418412,0.109927457242,0.17699806209
lbrent,nuclear_threat,48,raw,5,2011-04-01,-32.8931060314,0.0145579830243,0.109927457242,0.17699806209
lbrent,nuclear_threat,48,partialled,1,1998-05-01,29.423666153,0.0661156833004,0.19899106994,0.288411354297
lbrent,nuclear_threat,48,partialled,2,2017-08-01,24.3618006223,0.0547415500909,0.19899106994,0.288411354297
lbrent,nuclear_threat,48,partialled,3,2011-03-01,12.2037398072,0.0274220959406,0.19899106994,0.288411354297
lbrent,nuclear_threat,48,partialled,4,2006-10-01,11.3706578211,0.0255501407441,0.19899106994,0.288411354297
lbrent,nuclear_threat,48,partialled,5,2022-08-01,11.1977442768,0.0251615998644,0.19899106994,0.288411354297
lbrent,coup,0,raw,1,1991-09-01,-89.5867086313,0.0755427068602,0.247522704355,0.362137298647
lbrent,coup,0,raw,2,1991-08-01,87.1056641481,0.0734506016923,0.247522704355,0.362137298647
lbrent,coup,0,raw,3,1991-10-01,45.2997762179,0.0381983864341,0.247522704355,0.362137298647
lbrent,coup,0,raw,4,2026-01-01,37.3430553254,0.031488995687,0.247522704355,0.362137298647
lbrent,coup,0,raw,5,2013-08-01,-34.2039779005,0.0288420136811,0.247522704355,0.362137298647
lbrent,coup,0,partialled,1,1991-08-01,70.0339691393,0.164017744638,0.372815289576,0.494373013578
lbrent,coup,0,partialled,2,2026-01-01,25.6259595731,0.0600153346298,0.372815289576,0.494373013578
lbrent,coup,0,partialled,3,2013-07-01,22.7549748841,0.0532915627323,0.372815289576,0.494373013578
lbrent,coup,0,partialled,4,2024-12-01,21.8375419261,0.0511429584695,0.372815289576,0.494373013578
lbrent,coup,0,partialled,5,2021-02-01,18.9360285206,0.0443476891073,0.372815289576,0.494373013578
lbrent,coup,12,raw,1,1991-09-01,-89.5867086313,0.0809202978866,0.259276256175,0.369560346967
lbrent,coup,12,raw,2,1991-08-01,87.1056641481,0.0786792639015,0.259276256175,0.369560346967
lbrent,coup,12,raw,3,1991-10-01,45.2997762179,0.0409175807633,0.259276256175,0.369560346967
lbrent,coup,12,raw,4,2013-08-01,-34.2039779005,0.0308951642816,0.259276256175,0.369560346967
lbrent,coup,12,raw,5,2013-07-01,30.8481255781,0.027863949342,0.259276256175,0.369560346967
lbrent,coup,12,partialled,1,1991-08-01,69.8974319465,0.18023210245,0.379179121737,0.496092435144
lbrent,coup,12,partialled,2,2013-07-01,22.9341482032,0.0591362176474,0.379179121737,0.496092435144
lbrent,coup,12,partialled,3,2024-12-01,22.1806220189,0.0571932334108,0.379179121737,0.496092435144
lbrent,coup,12,partialled,4,2021-02-01,19.2951474698,0.0497529723015,0.379179121737,0.496092435144
lbrent,coup,12,partialled,5,2016-07-01,12.7455144006,0.0328645959266,0.379179121737,0.496092435144
lbrent,coup,24,raw,1,1991-09-01,-89.5867086313,0.086064967865,0.275760263354,0.383887580364
lbrent,coup,24,raw,2,1991-08-01,87.1056641481,0.0836814556568,0.275760263354,0.383887580364
lbrent,coup,24,raw,3,1991-10-01,45.2997762179,0.0435189978965,0.275760263354,0.383887580364
lbrent,coup,24,raw,4,2013-08-01,-34.2039779005,0.0328593862174,0.275760263354,0.383887580364
lbrent,coup,24,raw,5,2013-07-01,30.8481255781,0.0296354557181,0.275760263354,0.383887580364
lbrent,coup,24,partialled,1,1991-08-01,70.0231343124,0.194079299672,0.379487839475,0.487371428087
lbrent,coup,24,partialled,2,2013-07-01,23.0657900488,0.0639301914004,0.379487839475,0.487371428087
lbrent,coup,24,partialled,3,2021-02-01,19.5280909001,0.0541249437495,0.379487839475,0.487371428087
lbrent,coup,24,partialled,4,2016-07-01,12.8651966321,0.0356577633523,0.379487839475,0.487371428087
lbrent,coup,24,partialled,5,1991-10-01,11.4356768172,0.0316956413011,0.379487839475,0.487371428087
lbrent,coup,48,raw,1,1991-09-01,-89.5867086313,0.0932227393939,0.298694437511,0.411350070724
lbrent,coup,48,raw,2,1991-08-01,87.1056641481,0.0906409974501,0.298694437511,0.411350070724
lbrent,coup,48,raw,3,1991-10-01,45.2997762179,0.0471383456037,0.298694437511,0.411350070724
lbrent,coup,48,raw,4,2013-08-01,-34.2039779005,0.035592205214,0.298694437511,0.411350070724
lbrent,coup,48,raw,5,2013-07-01,30.8481255781,0.0321001498491,0.298694437511,0.411350070724
lbrent,coup,48,partialled,1,1991-08-01,68.7456708532,0.202801555603,0.402120826262,0.498713101958
lbrent,coup,48,partialled,2,2013-07-01,23.1029312812,0.068154261129,0.402120826262,0.498713101958
lbrent,coup,48,partialled,3,2021-02-01,19.9737170136,0.0589229958958,0.402120826262,0.498713101958
lbrent,coup,48,partialled,4,2016-07-01,13.1515486618,0.0387974179917,0.402120826262,0.498713101958
lbrent,coup,48,partialled,5,1991-10-01,11.3370489542,0.0334445956424,0.402120826262,0.498713101958
lbrent,sanctions,0,raw,1,2025-05-01,-170.310954816,0.0846194451532,0.227153840234,0.322225470343
lbrent,sanctions,0,raw,2,2022-04-01,-106.79442541,0.0530610907171,0.227153840234,0.322225470343
lbrent,sanctions,0,raw,3,2025-04-01,83.6082337752,0.0415409705144,0.227153840234,0.322225470343
lbrent,sanctions,0,raw,4,2025-06-01,51.7674213856,0.0257207792616,0.227153840234,0.322225470343
lbrent,sanctions,0,raw,5,2022-03-01,44.7045128102,0.022211554588,0.227153840234,0.322225470343
lbrent,sanctions,0,partialled,1,2022-03-01,34.2935145222,0.0916011568821,0.273036788474,0.383520609785
lbrent,sanctions,0,partialled,2,2025-04-01,30.1662901923,0.0805769580329,0.273036788474,0.383520609785
lbrent,sanctions,0,partialled,3,2018-03-01,12.7017256693,0.0339274869291,0.273036788474,0.383520609785
lbrent,sanctions,0,partialled,4,1990-08-01,12.618553358,0.0337053259743,0.273036788474,0.383520609785
lbrent,sanctions,0,partialled,5,2019-05-01,12.4390517948,0.033225860656,0.273036788474,0.383520609785
lbrent,sanctions,12,raw,1,2025-05-01,-170.310954816,0.0909369040041,0.244112531418,0.344718942154
lbrent,sanctions,12,raw,2,2022-04-01,-106.79442541,0.0570224882018,0.244112531418,0.344718942154
lbrent,sanctions,12,raw,3,2025-04-01,83.6082337752,0.0446423069906,0.244112531418,0.344718942154
lbrent,sanctions,12,raw,4,2025-06-01,51.7674213856,0.0276410230579,0.244112531418,0.344718942154
lbrent,sanctions,12,raw,5,2022-03-01,44.7045128102,0.0238698091638,0.244112531418,0.344718942154
lbrent,sanctions,12,partialled,1,2022-03-01,33.6469561351,0.0949127262116,0.287385860531,0.405852556827
lbrent,sanctions,12,partialled,2,2025-04-01,30.2644959198,0.0853713424665,0.287385860531,0.405852556827
lbrent,sanctions,12,partialled,3,1990-08-01,12.8941754195,0.0363724235975,0.287385860531,0.405852556827
lbrent,sanctions,12,partialled,4,2018-03-01,12.8385540021,0.0362155244015,0.287385860531,0.405852556827
lbrent,sanctions,12,partialled,5,2019-05-01,12.2353011716,0.0345138438542,0.287385860531,0.405852556827
lbrent,sanctions,24,raw,1,2022-04-01,-106.79442541,0.0726165166525,0.181922119032,0.277816710865
lbrent,sanctions,24,raw,2,2022-03-01,44.7045128102,0.030397522965,0.181922119032,0.277816710865
lbrent,sanctions,24,raw,3,2022-05-01,42.8212204601,0.0291169492854,0.181922119032,0.277816710865
lbrent,sanctions,24,raw,4,2018-03-01,37.128082945,0.0252458126266,0.181922119032,0.277816710865
lbrent,sanctions,24,raw,5,2018-04-01,-36.0978906737,0.0245453175029,0.181922119032,0.277816710865
lbrent,sanctions,24,partialled,1,2022-03-01,34.5923853248,0.124011356713,0.296174638688,0.391246840555
lbrent,sanctions,24,partialled,2,2018-03-01,13.5922662272,0.0487273531389,0.296174638688,0.391246840555
lbrent,sanctions,24,partialled,3,1990-08-01,13.4144932477,0.0480900490571,0.296174638688,0.391246840555
lbrent,sanctions,24,partialled,4,2019-05-01,12.5613615936,0.0450316299025,0.296174638688,0.391246840555
lbrent,sanctions,24,partialled,5,2022-02-01,8.4560175804,0.0303142498758,0.296174638688,0.391246840555
lbrent,sanctions,48,raw,1,2022-04-01,-106.79442541,0.0793676200639,0.1988352828,0.303645123338
lbrent,sanctions,48,raw,2,2022-03-01,44.7045128102,0.0332235580111,0.1988352828,0.303645123338
lbrent,sanctions,48,raw,3,2022-05-01,42.8212204601,0.0318239303514,0.1988352828,0.303645123338
lbrent,sanctions,48,raw,4,2018-03-01,37.128082945,0.0275928970036,0.1988352828,0.303645123338
lbrent,sanctions,48,raw,5,2018-04-01,-36.0978906737,0.0268272773706,0.1988352828,0.303645123338
lbrent,sanctions,48,partialled,1,2022-03-01,33.398706154,0.126174984305,0.308692173213,0.408058587857
lbrent,sanctions,48,partialled,2,2018-03-01,13.7273357863,0.0518596849053,0.308692173213,0.408058587857
lbrent,sanctions,48,partialled,3,1990-08-01,13.6438928478,0.051544450794,0.308692173213,0.408058587857
lbrent,sanctions,48,partialled,4,2019-05-01,12.2796300066,0.0463904833983,0.308692173213,0.408058587857
lbrent,sanctions,48,partialled,5,2022-02-01,8.66171293553,0.0327225698103,0.308692173213,0.408058587857
lbrent,other,0,raw,1,2021-09-01,-71.47985706,0.0186749997051,0.0651060717801,0.110207370172
lbrent,other,0,raw,2,2015-10-01,-48.5906419585,0.0126949082101,0.0651060717801,0.110207370172
lbrent,other,0,raw,3,2015-11-01,47.9580201454,0.0125296279107,0.0651060717801,0.110207370172
lbrent,other,0,raw,4,2011-03-01,-41.1027037259,0.0107385914233,0.0651060717801,0.110207370172
lbrent,other,0,raw,5,2021-02-01,-40.0667839673,0.0104679445308,0.0651060717801,0.110207370172
lbrent,other,0,partialled,1,2021-08-01,9.29860604395,0.0510007925449,0.137425971148,0.215704653179
lbrent,other,0,partialled,2,2001-10-01,4.85911913525,0.0266511911351,0.137425971148,0.215704653179
lbrent,other,0,partialled,3,2021-02-01,3.79473886381,0.0208133013314,0.137425971148,0.215704653179
lbrent,other,0,partialled,4,2011-02-01,3.61054383429,0.0198030324327,0.137425971148,0.215704653179
lbrent,other,0,partialled,5,2015-09-01,3.49287659324,0.0191576537036,0.137425971148,0.215704653179
lbrent,other,12,raw,1,2021-09-01,-71.47985706,0.0192944681327,0.0672657053301,0.111586572336
lbrent,other,12,raw,2,2015-10-01,-48.5906419585,0.0131160110187,0.0672657053301,0.111586572336
lbrent,other,12,raw,3,2015-11-01,47.9580201454,0.0129452482064,0.0672657053301,0.111586572336
lbrent,other,12,raw,4,2011-03-01,-41.1027037259,0.0110948012465,0.0672657053301,0.111586572336
lbrent,other,12,raw,5,2021-02-01,-40.0667839673,0.0108151767258,0.0672657053301,0.111586572336
lbrent,other,12,partialled,1,2021-08-01,9.14581759517,0.0522480075489,0.142208773385,0.220996672832
lbrent,other,12,partialled,2,2001-10-01,4.78419436449,0.0273310308969,0.142208773385,0.220996672832
lbrent,other,12,partialled,3,2021-02-01,3.92755096879,0.0224372190382,0.142208773385,0.220996672832
lbrent,other,12,partialled,4,2011-02-01,3.57773508205,0.0204387992249,0.142208773385,0.220996672832
lbrent,other,12,partialled,5,2015-09-01,3.45781395345,0.0197537166757,0.142208773385,0.220996672832
lbrent,other,24,raw,1,2021-09-01,-71.47985706,0.0201069127741,0.0700981058641,0.116285220266
lbrent,other,24,raw,2,2015-10-01,-48.5906419585,0.0136682953727,0.0700981058641,0.116285220266
lbrent,other,24,raw,3,2015-11-01,47.9580201454,0.0134903421403,0.0700981058641,0.116285220266
lbrent,other,24,raw,4,2011-03-01,-41.1027037259,0.0115619772141,0.0700981058641,0.116285220266
lbrent,other,24,raw,5,2021-02-01,-40.0667839673,0.011270578363,0.0700981058641,0.116285220266
lbrent,other,24,partialled,1,2021-08-01,9.13623927075,0.0535214295113,0.14512551687,0.224829104786
lbrent,other,24,partialled,2,2001-10-01,4.71330716767,0.0276112446122,0.14512551687,0.224829104786
lbrent,other,24,partialled,3,2021-02-01,3.97821082076,0.0233049424074,0.14512551687,0.224829104786
lbrent,other,24,partialled,4,2011-02-01,3.56785782878,0.0209010344005,0.14512551687,0.224829104786
lbrent,other,24,partialled,5,1992-12-01,3.37766654002,0.0197868659387,0.14512551687,0.224829104786
lbrent,other,48,raw,1,2021-09-01,-71.47985706,0.0224379501163,0.0782247289927,0.129766414214
lbrent,other,48,raw,2,2015-10-01,-48.5906419585,0.015252890048,0.0782247289927,0.129766414214
lbrent,other,48,raw,3,2015-11-01,47.9580201454,0.0150543063174,0.0782247289927,0.129766414214
lbrent,other,48,raw,4,2011-03-01,-41.1027037259,0.0129023819266,0.0782247289927,0.129766414214
lbrent,other,48,raw,5,2021-02-01,-40.0667839673,0.0125772005843,0.0782247289927,0.129766414214
lbrent,other,48,partialled,1,2021-08-01,9.14691116342,0.0574231040111,0.155111681261,0.238298404148
lbrent,other,48,partialled,2,2001-10-01,4.56094671432,0.028633022983,0.155111681261,0.238298404148
lbrent,other,48,partialled,3,2021-02-01,4.01745807683,0.025221072872,0.155111681261,0.238298404148
lbrent,other,48,partialled,4,2011-02-01,3.57010596948,0.02241265524,0.155111681261,0.238298404148
lbrent,other,48,partialled,5,2015-09-01,3.41227706467,0.0214218261551,0.155111681261,0.238298404148
