model,specification,outcome,event,horizon,n,origin_start,origin_end,beta,primary_covariance,maximum_leverage,hc3_se,hc3_p,hc3_90_low,hc3_90_high,hc3_95_low,hc3_95_high,hc1_se,hc1_p,hc1_90_low,hc1_90_high,hc1_95_low,hc1_95_high,matched_baseline_beta,interpretation
single,log_curvature_OLS_equivalent,lwti,military_conflict,0,432,1990-04-01,2026-03-01,0.0251172597468,HC3,0.449010630973,0.0144521285126,0.0822173930241,0.00134562374567,0.048888895748,-0.00320839163786,0.0534429111315,0.0134455189424,0.0617513901571,0.00300134914818,0.0472331703455,-0.00123547313372,0.0514699926274,0.065124540943,Algebraic OLS-equivalent contrast because two treatment lags are controlled
single,log_curvature_OLS_equivalent,lwti,military_conflict,12,425,1990-04-01,2025-08-01,-0.00758350618321,HC3,0.453434133738,0.0328730890476,0.817555329206,-0.0616549259322,0.0464879135658,-0.072013576777,0.0568465644106,0.0320884035642,0.813175309367,-0.0603642331689,0.0451972208025,-0.0704756214905,0.055308609124,-0.00153839171121,Algebraic OLS-equivalent contrast because two treatment lags are controlled
single,log_curvature_OLS_equivalent,lwti,military_conflict,24,413,1990-04-01,2024-08-01,0.00803373114067,HC3,0.456096199628,0.0412229629955,0.845483091308,-0.0597720090561,0.0758394713374,-0.0727617916665,0.0888292539478,0.0403969492371,0.842364633922,-0.0584133373298,0.0744807996112,-0.0711428344494,0.0872102967308,0.00589755499183,Algebraic OLS-equivalent contrast because two treatment lags are controlled
single,log_curvature_OLS_equivalent,lwti,military_conflict,48,389,1990-04-01,2022-08-01,0.0454918579766,HC3,0.464688426678,0.0377702462361,0.228420964794,-0.0166346685358,0.107618384489,-0.0285364643334,0.119520180287,0.0368209584388,0.216648882434,-0.0150732290593,0.106056945012,-0.0266758944396,0.117659610393,0.0465391798434,Algebraic OLS-equivalent contrast because two treatment lags are controlled
single,log_curvature_OLS_equivalent,lwti,diplomatic_tension,0,432,1990-04-01,2026-03-01,-0.0273702470779,HC3,0.463718824686,0.0313515210792,0.382656659448,-0.0789389102354,0.0241984160797,-0.0888180992536,0.0340776050979,0.0291728051749,0.348135980129,-0.0753552414782,0.0206147473225,-0.0845478945487,0.029807400393,-0.0121237005105,Algebraic OLS-equivalent contrast because two treatment lags are controlled
single,log_curvature_OLS_equivalent,lwti,diplomatic_tension,12,425,1990-04-01,2025-08-01,-0.179301779108,HC3,0.469733559043,0.0689409873257,0.00930064257808,-0.292699612157,-0.0659039460602,-0.314423631325,-0.0441799268915,0.0671428618869,0.00757492370402,-0.289741959007,-0.0688615992098,-0.310899370226,-0.0477041879911,-0.19529046305,Algebraic OLS-equivalent contrast because two treatment lags are controlled
single,log_curvature_OLS_equivalent,lwti,diplomatic_tension,24,413,1990-04-01,2024-08-01,-0.31417328742,HC3,0.472980703751,0.0853299040687,0.000231532944147,-0.454528489614,-0.173818085225,-0.481416826199,-0.146929748641,0.0836239974808,0.000171979509973,-0.451722522976,-0.176624051863,-0.478073310725,-0.150273264114,-0.306418676153,Algebraic OLS-equivalent contrast because two treatment lags are controlled
single,log_curvature_OLS_equivalent,lwti,diplomatic_tension,48,389,1990-04-01,2022-08-01,-0.225320333195,HC3,0.48282759374,0.0940001202165,0.0165289422858,-0.379936771867,-0.0707038945232,-0.409557183362,-0.0410834830284,0.0927498554993,0.0151266100039,-0.377880269413,-0.0727603969779,-0.407106709545,-0.0435339568452,-0.226655004576,Algebraic OLS-equivalent contrast because two treatment lags are controlled
single,log_curvature_OLS_equivalent,lwti,nuclear_threat,0,432,1990-04-01,2026-03-01,0.0222322109146,HC3,0.452796249016,0.0116574412036,0.0565042542296,0.00305742646991,0.0414069953592,-0.000615953996312,0.0450803758254,0.0112481932786,0.0480965974962,0.00373057940355,0.0407338424256,0.000186157197295,0.0442782646318,0.0190881634422,Algebraic OLS-equivalent contrast because two treatment lags are controlled
single,log_curvature_OLS_equivalent,lwti,nuclear_threat,12,425,1990-04-01,2025-08-01,0.0882281710986,HC3,0.456506568993,0.0363967195147,0.0153476756111,0.0283608949957,0.148095447202,0.0168919116944,0.159564430503,0.035692527497,0.0134399080856,0.02951918779,0.146937154407,0.0182721026872,0.15818423951,0.0822149437182,Algebraic OLS-equivalent contrast because two treatment lags are controlled
single,log_curvature_OLS_equivalent,lwti,nuclear_threat,24,413,1990-04-01,2024-08-01,0.086706198117,HC3,0.459775446435,0.0383327653032,0.0237014604377,0.0236544100769,0.149757986157,0.0115753586949,0.161837037539,0.0376433071131,0.0212584317144,0.0247884678816,0.148623928352,0.0129266719163,0.160485724318,0.0810225368937,Algebraic OLS-equivalent contrast because two treatment lags are controlled
single,log_curvature_OLS_equivalent,lwti,nuclear_threat,48,389,1990-04-01,2022-08-01,0.00438338023469,HC3,0.469682483202,0.0421095655016,0.917094241147,-0.06488069131,0.0736474517794,-0.0781498515531,0.0869166120225,0.0415752020744,0.916032576168,-0.0640017416887,0.072768502158,-0.0771025184812,0.0858692789505,0.00362429046817,Algebraic OLS-equivalent contrast because two treatment lags are controlled
single,log_curvature_OLS_equivalent,lbrent,military_conflict,0,432,1990-04-01,2026-03-01,0.0266617751445,HC3,0.42395829212,0.0165161056289,0.106464656438,-0.00050480110225,0.0538283513913,-0.00570919705294,0.059032747342,0.0154282832906,0.0839684526308,0.00128450741632,0.0520390428727,-0.00357710444837,0.0569006547374,0.0636325636996,Algebraic OLS-equivalent contrast because two treatment lags are controlled
single,log_curvature_OLS_equivalent,lbrent,military_conflict,12,425,1990-04-01,2025-08-01,-0.00935503014337,HC3,0.428983277466,0.0340634511818,0.783596352847,-0.0653844213663,0.0466743610796,-0.0761181676489,0.0574081073622,0.0332787947939,0.778625382906,-0.0640937764606,0.0453837161739,-0.0745802693882,0.0558702091015,-0.00406498170357,Algebraic OLS-equivalent contrast because two treatment lags are controlled
single,log_curvature_OLS_equivalent,lbrent,military_conflict,24,413,1990-04-01,2024-08-01,0.00600398498914,HC3,0.431598125609,0.0431672277052,0.889381679313,-0.0649997860672,0.0770077560455,-0.0786022266255,0.0906101966038,0.0423643214708,0.887299063183,-0.0636791228354,0.0756870928137,-0.0770285593231,0.0890365293014,0.00449431800885,Algebraic OLS-equivalent contrast because two treatment lags are controlled
single,log_curvature_OLS_equivalent,lbrent,military_conflict,48,389,1990-04-01,2022-08-01,0.0521622046493,HC3,0.439900758563,0.0391788929418,0.183062242683,-0.012281339506,0.116605748805,-0.0246270144708,0.128951423769,0.0382178743979,0.172295768279,-0.0107006046685,0.115025013967,-0.0227434527363,0.127067862035,0.0470016758468,Algebraic OLS-equivalent contrast because two treatment lags are controlled
single,log_curvature_OLS_equivalent,lbrent,diplomatic_tension,0,432,1990-04-01,2026-03-01,-0.0354744568725,HC3,0.439707182839,0.0325044380004,0.275108911691,-0.0889394996095,0.0179905858646,-0.099181984691,0.0282330709461,0.0304527869625,0.244059402523,-0.0855648339586,0.0146159202136,-0.0951608225479,0.024211908803,-0.0165870734068,Algebraic OLS-equivalent contrast because two treatment lags are controlled
single,log_curvature_OLS_equivalent,lbrent,diplomatic_tension,12,425,1990-04-01,2025-08-01,-0.16569828607,HC3,0.446699363028,0.0733039212302,0.0237946580444,-0.286272506776,-0.0451240653653,-0.309371331607,-0.0220252405338,0.0712117178898,0.0199737733064,-0.282831138523,-0.0485654336181,-0.305270688412,-0.0261258837293,-0.180809647546,Algebraic OLS-equivalent contrast because two treatment lags are controlled
single,log_curvature_OLS_equivalent,lbrent,diplomatic_tension,24,413,1990-04-01,2024-08-01,-0.312848780775,HC3,0.450111733623,0.0915052012181,0.00062870666769,-0.463361442884,-0.162336118667,-0.492195679561,-0.13350188199,0.0896484009271,0.000483507442941,-0.460307278191,-0.16539028336,-0.488556417864,-0.137141143687,-0.307917543159,Algebraic OLS-equivalent contrast because two treatment lags are controlled
single,log_curvature_OLS_equivalent,lbrent,diplomatic_tension,48,389,1990-04-01,2022-08-01,-0.254151644164,HC3,0.459515467294,0.0983690843808,0.00977599108503,-0.415954389387,-0.0923488989403,-0.446951506742,-0.0613517815854,0.0971108708716,0.00886729091282,-0.413884812333,-0.0944184759943,-0.44448545358,-0.0638178347482,-0.254957104636,Algebraic OLS-equivalent contrast because two treatment lags are controlled
single,log_curvature_OLS_equivalent,lbrent,nuclear_threat,0,432,1990-04-01,2026-03-01,0.022647440435,HC3,0.427467341954,0.011561270432,0.0501238122715,0.00363084283284,0.0416640380372,-1.22332271522e-05,0.0453071140972,0.0111859006034,0.0429041725545,0.00424827125676,0.0410466096133,0.000723478117668,0.0445714027523,0.0247333491122,Algebraic OLS-equivalent contrast because two treatment lags are controlled
single,log_curvature_OLS_equivalent,lbrent,nuclear_threat,12,425,1990-04-01,2025-08-01,0.0924220269018,HC3,0.431615110127,0.0381866037525,0.0155088355991,0.0296106532185,0.155233400585,0.017577658855,0.167266394949,0.0374584431048,0.0136128023631,0.0308083709009,0.154035682903,0.0190048274994,0.165839226304,0.0883900101636,Algebraic OLS-equivalent contrast because two treatment lags are controlled
single,log_curvature_OLS_equivalent,lbrent,nuclear_threat,24,413,1990-04-01,2024-08-01,0.101531487411,HC3,0.434841068435,0.0414807439511,0.0143780249382,0.0333017352741,0.169761239547,0.0202307232146,0.182832251607,0.0408405088265,0.0129170345175,0.034354828341,0.16870814648,0.0214855610005,0.181577413821,0.0980116919863,Algebraic OLS-equivalent contrast because two treatment lags are controlled
single,log_curvature_OLS_equivalent,lbrent,nuclear_threat,48,389,1990-04-01,2022-08-01,0.0126412746207,HC3,0.444414113913,0.0439694935077,0.773728714283,-0.0596821062507,0.0849646554921,-0.0735373490729,0.0988198983143,0.0434300048499,0.770995967844,-0.0587947263752,0.0840772756166,-0.0724799707336,0.097762519975,0.014845668432,Algebraic OLS-equivalent contrast because two treatment lags are controlled
