model,specification,outcome,event,horizon,n,origin_start,origin_end,beta,primary_covariance,maximum_leverage,hc3_se,hc3_p,hc3_90_low,hc3_90_high,hc3_95_low,hc3_95_high,hc1_se,hc1_p,hc1_90_low,hc1_90_high,hc1_95_low,hc1_95_high
joint,mechanism_lag_augmented,lwip,military_conflict,0,432,1990-04-01,2026-03-01,-0.00169718802871,HC3,0.551877611743,0.00210218018833,0.41946682291,-0.00515496673598,0.00176059067857,-0.00581738548684,0.00242300942943,0.00187444272249,0.365234420622,-0.0047803719393,0.00138599588189,-0.00537102825586,0.00197665219845
joint,mechanism_lag_augmented,lwip,diplomatic_tension,0,432,1990-04-01,2026-03-01,0.00268587022113,HC3,0.551877611743,0.00308516617114,0.383985953977,-0.00238877654521,0.00776051698747,-0.00336094436062,0.00873268480288,0.00281816060668,0.340560736867,-0.0019495914741,0.00732133191636,-0.00283762307061,0.00820936351287
joint,mechanism_lag_augmented,lwip,nuclear_threat,0,432,1990-04-01,2026-03-01,-0.000216107815242,HC3,0.551877611743,0.00100037395116,0.828966676784,-0.00186157653712,0.00142936090664,-0.0021768047306,0.00174458910011,0.00090915821112,0.812113008608,-0.00171153999627,0.00127932436579,-0.00199802516529,0.0015658095348
joint,mechanism_lag_augmented,lwip,military_conflict,1,432,1990-04-01,2026-03-01,-0.00059618605789,HC3,0.551877611743,0.00230117858555,0.795574618884,-0.0043812880006,0.00318891588482,-0.00510641320757,0.00391404109179,0.00205165029588,0.771366028103,-0.00397085048831,0.00277847837253,-0.00461734674669,0.00342497463091
joint,mechanism_lag_augmented,lwip,diplomatic_tension,1,432,1990-04-01,2026-03-01,0.00830509984374,HC3,0.551877611743,0.00406831272868,0.0412099556754,0.0016133208964,0.0149968787911,0.000331353417684,0.0162788462698,0.00369069519812,0.0244311379707,0.00223444646114,0.0143757532263,0.00107147017751,0.01553872951
joint,mechanism_lag_augmented,lwip,nuclear_threat,1,432,1990-04-01,2026-03-01,0.000525466226055,HC3,0.551877611743,0.00154046550169,0.733021731722,-0.00200837404159,0.0030593064937,-0.00249379067668,0.00354472312879,0.00131919264007,0.690391295107,-0.00164441257261,0.00269534502472,-0.00206010383715,0.00311103628926
joint,mechanism_lag_augmented,lwip,military_conflict,2,432,1990-04-01,2026-03-01,-0.00177337126148,HC3,0.551877611743,0.00287299970139,0.53706704127,-0.00649903524054,0.00295229271758,-0.00740434720379,0.00385760468084,0.00251451440358,0.480652201234,-0.00590937939822,0.00236263687527,-0.00670172893109,0.00315498640814
joint,mechanism_lag_augmented,lwip,diplomatic_tension,2,432,1990-04-01,2026-03-01,0.00682896221692,HC3,0.551877611743,0.00470066298513,0.1462888027,-0.000902940343249,0.0145608647771,-0.0023841679374,0.0160420923712,0.00428377901078,0.1109037017,-0.000217227226021,0.0138751516599,-0.00156709036194,0.0152250147958
joint,mechanism_lag_augmented,lwip,nuclear_threat,2,432,1990-04-01,2026-03-01,0.000593556264337,HC3,0.551877611743,0.00196950911388,0.76313031521,-0.00264599794494,0.00383311047361,-0.00326661066608,0.00445372319476,0.0016544870814,0.719778039604,-0.00212783281225,0.00331494534093,-0.0026491788281,0.00383629135677
joint,mechanism_lag_augmented,lwip,military_conflict,3,432,1990-04-01,2026-03-01,-0.00452167370692,HC3,0.551877611743,0.00390018919943,0.246314660389,-0.0109369140574,0.00189356664356,-0.0121659040707,0.00312255665685,0.00361876377902,0.211479388401,-0.0104740104339,0.00143066302008,-0.0116143203824,0.00257097296852
joint,mechanism_lag_augmented,lwip,diplomatic_tension,3,432,1990-04-01,2026-03-01,0.00347384798424,HC3,0.551877611743,0.00552103658232,0.529216733763,-0.00560744906273,0.0125551450312,-0.00734718487444,0.0142948808429,0.00522553149808,0.506188871649,-0.00512138645312,0.0120690824216,-0.00676800555207,0.0137157015205
joint,mechanism_lag_augmented,lwip,nuclear_threat,3,432,1990-04-01,2026-03-01,0.00108269953156,HC3,0.551877611743,0.00231435098528,0.639913362163,-0.00272406908062,0.00488946814373,-0.00345334504718,0.00561874411029,0.00198278553245,0.585031744298,-0.00217869244296,0.00434409150608,-0.00280348870112,0.00496888776423
joint,mechanism_lag_augmented,lwip,military_conflict,4,431,1990-04-01,2026-02-01,-0.00397732930521,HC3,0.553133178766,0.00424738359962,0.349057668537,-0.0109636536241,0.00300899501367,-0.012302048189,0.00434738957856,0.00396939955196,0.316344693495,-0.0105064105551,0.00255175194465,-0.0117572094673,0.00380255085688
joint,mechanism_lag_augmented,lwip,diplomatic_tension,4,431,1990-04-01,2026-02-01,0.00425740202572,HC3,0.553133178766,0.00636164323173,0.503348819521,-0.00620656991736,0.0147213739688,-0.00821118959096,0.0167259936424,0.00611403543814,0.486220578946,-0.00579929134002,0.0143140953915,-0.00772588723324,0.0162406912847
joint,mechanism_lag_augmented,lwip,nuclear_threat,4,431,1990-04-01,2026-02-01,0.00163297813483,HC3,0.553133178766,0.00256795208062,0.524837184304,-0.00259092715882,0.00585688342848,-0.00340011545722,0.00666607172688,0.00225036947262,0.468054034748,-0.0020685502542,0.00533450652386,-0.00277766498342,0.00604362125308
joint,mechanism_lag_augmented,lwip,military_conflict,5,430,1990-04-01,2026-01-01,-0.00384471426494,HC3,0.553605553141,0.00384792937644,0.317715030813,-0.010173994856,0.00248456632616,-0.0113865172578,0.00369708872794,0.00353817222829,0.277196590489,-0.00966448968743,0.00197506115754,-0.0107794044035,0.00308997587361
joint,mechanism_lag_augmented,lwip,diplomatic_tension,5,430,1990-04-01,2026-01-01,7.81819559339e-05,HC3,0.553605553141,0.00684698750129,0.990889596329,-0.0111841102693,0.0113404741811,-0.0133416669492,0.0134980308611,0.0065925214149,0.990537958168,-0.0107655508041,0.010921914716,-0.0128429225846,0.0129992864964
joint,mechanism_lag_augmented,lwip,nuclear_threat,5,430,1990-04-01,2026-01-01,0.00172688983899,HC3,0.553605553141,0.00281026166495,0.538888723407,-0.00289557925328,0.00634935893126,-0.00378112181144,0.00723490148942,0.00248068822884,0.4863453146,-0.00235347919155,0.00580725886953,-0.00313516974641,0.00658894942438
joint,mechanism_lag_augmented,lwip,military_conflict,6,429,1990-04-01,2025-12-01,-0.0035344874908,HC3,0.553648257695,0.00390019503168,0.36481226203,-0.00994973743448,0.00288076245288,-0.0111787292856,0.00410975430398,0.00355341060114,0.319894521424,-0.00937932780613,0.00231035282453,-0.0104990442913,0.00343006930971
joint,mechanism_lag_augmented,lwip,diplomatic_tension,6,429,1990-04-01,2025-12-01,-0.00265260300287,HC3,0.553648257695,0.007245043301,0.714270616552,-0.0145696387539,0.0092644327482,-0.0168526269393,0.0115474209335,0.00696551712835,0.703337374859,-0.014109859115,0.00880465310929,-0.0163047657081,0.0109995597024
joint,mechanism_lag_augmented,lwip,nuclear_threat,6,429,1990-04-01,2025-12-01,0.00108941358565,HC3,0.553648257695,0.0031301615938,0.727812028212,-0.00405924406485,0.00623807123615,-0.00504559040399,0.00722441757528,0.00279302009351,0.696500607514,-0.00350469564532,0.00568352281661,-0.00438480520574,0.00656363237703
joint,mechanism_lag_augmented,lwip,military_conflict,7,428,1990-04-01,2025-11-01,-0.00356212156666,HC3,0.553872939319,0.00397973841931,0.370752745488,-0.01010820874,0.00298396560666,-0.0113622655364,0.00423802240308,0.00360059111172,0.322508670916,-0.00948456691594,0.00236032378263,-0.0106191504687,0.00349490733538
joint,mechanism_lag_augmented,lwip,diplomatic_tension,7,428,1990-04-01,2025-11-01,-4.61228816002e-05,HC3,0.553872939319,0.00893550926678,0.995881536171,-0.0147437277077,0.0146514819445,-0.017559399228,0.0174671534648,0.00860260577956,0.995722161429,-0.0141961501993,0.0141039044361,-0.0169069203827,0.0168146746195
joint,mechanism_lag_augmented,lwip,nuclear_threat,7,428,1990-04-01,2025-11-01,0.00158233163637,HC3,0.553872939319,0.00344237047002,0.645757860401,-0.00407986391656,0.00724452718929,-0.00516459050632,0.00832925377906,0.00311406298787,0.611366048491,-0.00353984616379,0.00670450943652,-0.00452111966545,0.00768578293819
joint,mechanism_lag_augmented,lwip,military_conflict,8,427,1990-04-01,2025-10-01,-0.00291648414797,HC3,0.554211270303,0.0039340081223,0.458480139047,-0.0093873516764,0.00355438338046,-0.0106269983826,0.00479403008664,0.00347897236685,0.401852291988,-0.00863888446365,0.00280591616771,-0.00973514469021,0.00390217639427
joint,mechanism_lag_augmented,lwip,diplomatic_tension,8,427,1990-04-01,2025-10-01,-0.00722802283068,HC3,0.554211270303,0.0114596117638,0.528211264667,-0.0260774068038,0.0116213611424,-0.0296884491645,0.0152324035031,0.0110165719012,0.511756864039,-0.0253486710789,0.0108926254175,-0.0288201069901,0.0143640613287
joint,mechanism_lag_augmented,lwip,nuclear_threat,8,427,1990-04-01,2025-10-01,0.00194978848863,HC3,0.554211270303,0.00359308115733,0.587370231428,-0.00396030408494,0.0078598810622,-0.00509252117327,0.00899209815053,0.003278817276,0.552069335815,-0.00344338599991,0.00734296297717,-0.00447657528422,0.00837615226148
joint,mechanism_lag_augmented,lwip,military_conflict,9,426,1990-04-01,2025-09-01,-0.0022814871023,HC3,0.554211431248,0.00392594180753,0.561152061675,-0.00873908672361,0.00417611251901,-0.00997619165045,0.00541321744585,0.00347495150589,0.511468884133,-0.00799727369024,0.00343429948563,-0.00909226690186,0.00452929269726
joint,mechanism_lag_augmented,lwip,diplomatic_tension,9,426,1990-04-01,2025-09-01,-0.00818148961832,HC3,0.554211431248,0.0110317514646,0.458310894827,-0.0263271060266,0.00996412678991,-0.0298033251754,0.0134403459388,0.0105918040599,0.4398563027,-0.0256034569422,0.00924047770555,-0.028941044107,0.0125780648704
joint,mechanism_lag_augmented,lwip,nuclear_threat,9,426,1990-04-01,2025-09-01,0.00170761684779,HC3,0.554211431248,0.00379245265351,0.652517822604,-0.00453041265438,0.00794564634995,-0.00572545376617,0.00914068746174,0.00350339025727,0.625961862017,-0.00405494732351,0.00747018101908,-0.00515890188025,0.00857413557583
joint,mechanism_lag_augmented,lwip,military_conflict,10,425,1990-04-01,2025-08-01,-0.00325665597729,HC3,0.554242716045,0.00388623139806,0.402031561108,-0.00964893778757,0.00313562583298,-0.0108735295531,0.0043602175985,0.00346664530354,0.347512180724,-0.00895878007818,0.00244546812359,-0.0100511559194,0.00353784396482
joint,mechanism_lag_augmented,lwip,diplomatic_tension,10,425,1990-04-01,2025-08-01,-0.00861245955872,HC3,0.554242716045,0.0102709802425,0.401736686363,-0.025506718663,0.00828179954558,-0.02874321092,0.0115182918026,0.00988686690166,0.383699012927,-0.0248749084411,0.00764998932366,-0.0279903626059,0.0107654434885
joint,mechanism_lag_augmented,lwip,nuclear_threat,10,425,1990-04-01,2025-08-01,0.00155531889566,HC3,0.554242716045,0.00412660642466,0.706247753182,-0.00523234464895,0.00834298244026,-0.00653268107505,0.00964331886636,0.00384941004206,0.686182681956,-0.00477639717365,0.00788703496496,-0.0059893861485,0.00910002393981
joint,mechanism_lag_augmented,lwip,military_conflict,11,424,1990-04-01,2025-07-01,-0.00303250207351,HC3,0.554323815292,0.00391255297473,0.438298351977,-0.00946807902463,0.00340307487761,-0.0107009649916,0.00463596084456,0.00349928578403,0.386157922198,-0.00878831498711,0.0027233108401,-0.00989097618182,0.00382597203481
joint,mechanism_lag_augmented,lwip,diplomatic_tension,11,424,1990-04-01,2025-07-01,-0.00822686719618,HC3,0.554323815292,0.00956550886775,0.389758525433,-0.0239607291509,0.00750699475858,-0.0269749200708,0.0105211856784,0.00920826865832,0.371631376986,-0.0233731212968,0.00691938690441,-0.0262747421265,0.00982100773411
joint,mechanism_lag_augmented,lwip,nuclear_threat,11,424,1990-04-01,2025-07-01,0.00221469303627,HC3,0.554323815292,0.00453043258174,0.62494929223,-0.00523720542746,0.00966659150001,-0.00666479165832,0.0110941777309,0.00426342201393,0.603437410091,-0.00479801212657,0.00922739819911,-0.00614146056193,0.0105708466345
joint,mechanism_lag_augmented,lwip,military_conflict,12,423,1990-04-01,2025-06-01,-0.000283331539715,HC3,0.554891508451,0.00428479793615,0.947278441773,-0.00733119696575,0.00676453388632,-0.0086813811756,0.00811471809617,0.00381283629157,0.94076378803,-0.00655488914287,0.00598822606344,-0.00775635335014,0.00718969027071
joint,mechanism_lag_augmented,lwip,diplomatic_tension,12,423,1990-04-01,2025-06-01,-0.00620537004588,HC3,0.554891508451,0.00917521337406,0.498838207366,-0.0212972530422,0.00888651295049,-0.0241884578095,0.0117777177177,0.00877030927479,0.479229163619,-0.020631245066,0.00822050497426,-0.0233948603577,0.010984120266
joint,mechanism_lag_augmented,lwip,nuclear_threat,12,423,1990-04-01,2025-06-01,0.00608452620664,HC3,0.554891508451,0.00476009985982,0.201166581523,-0.00174514131244,0.0139141937257,-0.00324509808142,0.0154141504947,0.00450536298611,0.176853270641,-0.00132613644181,0.0134951888551,-0.00274582298343,0.0149148753967
joint,mechanism_lag_augmented,lwip,military_conflict,13,422,1990-04-01,2025-05-01,-0.000949697047522,HC3,0.554935248681,0.00441627284063,0.829732295251,-0.00821381944705,0.006314425352,-0.00960543276107,0.00770603866602,0.00395880261316,0.810411638586,-0.00746134788416,0.00556195378911,-0.00870880759121,0.00680941349617
joint,mechanism_lag_augmented,lwip,diplomatic_tension,13,422,1990-04-01,2025-05-01,-0.00835216222468,HC3,0.554935248681,0.00895811123268,0.351151799164,-0.0230869439764,0.00638261952703,-0.0259097376102,0.00920541316088,0.00859361600974,0.331098746752,-0.0224874026869,0.00578307823757,-0.0251953401007,0.00849101565138
joint,mechanism_lag_augmented,lwip,nuclear_threat,13,422,1990-04-01,2025-05-01,0.00483643732054,HC3,0.554935248681,0.00457518950305,0.290465502697,-0.00268907972754,0.0123619543686,-0.00413076932788,0.013803643969,0.00432724154142,0.263707045104,-0.00228124162356,0.0119541162646,-0.00364480025305,0.0133176748941
joint,mechanism_lag_augmented,lwip,military_conflict,14,421,1990-04-01,2025-04-01,-0.000205843782034,HC3,0.555021837253,0.0045558322947,0.963961862335,-0.00769952105576,0.00728783349169,-0.00913511099926,0.00872342343519,0.00413956543022,0.960340784929,-0.00701482299394,0.00660313542987,-0.00831924293692,0.00790755537285
joint,mechanism_lag_augmented,lwip,diplomatic_tension,14,421,1990-04-01,2025-04-01,-0.00845224393787,HC3,0.555021837253,0.00926375515586,0.361558545493,-0.0236897652052,0.00678527732943,-0.0266088704049,0.0097043825292,0.00890209210274,0.342383076446,-0.0230948824205,0.00619039454478,-0.0259000238463,0.00899553597056
joint,mechanism_lag_augmented,lwip,nuclear_threat,14,421,1990-04-01,2025-04-01,0.00582912501797,HC3,0.555021837253,0.00448618998582,0.193824296673,-0.0015500008514,0.0132082508873,-0.00296364578204,0.014621895818,0.00424499919411,0.169698077805,-0.00115327730288,0.0128115273388,-0.0024909205169,0.0141491705528
joint,mechanism_lag_augmented,lwip,military_conflict,15,420,1990-04-01,2025-03-01,0.00219504124639,HC3,0.556630530452,0.00489624597975,0.653928716591,-0.00585856671184,0.0102486492046,-0.00740142453336,0.0117915070261,0.00443937797163,0.620989871664,-0.00510708571165,0.00949716820443,-0.00650597969176,0.0108960621845
joint,mechanism_lag_augmented,lwip,diplomatic_tension,15,420,1990-04-01,2025-03-01,-0.0102228584335,HC3,0.556630530452,0.00982185114964,0.297955347234,-0.0263783659203,0.00593264905339,-0.0294733329483,0.00902761608134,0.00941229473605,0.277426991829,-0.025704705568,0.00525898870105,-0.028670617128,0.00822490026106
joint,mechanism_lag_augmented,lwip,nuclear_threat,15,420,1990-04-01,2025-03-01,0.00641654295121,HC3,0.556630530452,0.00452015227491,0.15574125769,-0.00101844591254,0.013851531815,-0.00244279271224,0.0152758786147,0.00428118673758,0.133931569866,-0.000625382581761,0.0134584684842,-0.00197442886554,0.014807514768
joint,mechanism_lag_augmented,lwip,military_conflict,16,419,1990-04-01,2025-02-01,-0.000992644103326,HC3,0.55663106758,0.00527754867613,0.850807589414,-0.00967343918468,0.00768815097803,-0.0113364494352,0.00935116122856,0.00485028097898,0.837840094254,-0.00897064636333,0.00698535815668,-0.010499020137,0.00851373193037
joint,mechanism_lag_augmented,lwip,diplomatic_tension,16,419,1990-04-01,2025-02-01,-0.0163721585169,HC3,0.55663106758,0.0120876925263,0.1755932935,-0.0362546434102,0.00351032637645,-0.0400636005246,0.00731928349082,0.0115195098577,0.155242702758,-0.035320066087,0.00257574905327,-0.0389499829575,0.00620566592378
joint,mechanism_lag_augmented,lwip,nuclear_threat,16,419,1990-04-01,2025-02-01,0.00779182041605,HC3,0.55663106758,0.00447519740238,0.0816639280934,0.000430775737417,0.0151528650947,-0.000979405316327,0.0165630461484,0.00425439712386,0.0670297304069,0.000793959876373,0.0147896809557,-0.000546644722652,0.0161302855548
joint,mechanism_lag_augmented,lwip,military_conflict,17,418,1990-04-01,2025-01-01,0.00131394646639,HC3,0.556757540088,0.00565303534303,0.816202475612,-0.00798446922088,0.0106123621537,-0.00976579920928,0.0123936921421,0.00523343618327,0.801761815044,-0.00729429002108,0.00992218295387,-0.00894339996821,0.011571292901
joint,mechanism_lag_augmented,lwip,diplomatic_tension,17,418,1990-04-01,2025-01-01,-0.00780900929481,HC3,0.556757540088,0.0144253103526,0.588272691558,-0.0315365333483,0.0159185147586,-0.0360820980518,0.0204640794622,0.0137488459966,0.57005152428,-0.0304238484987,0.0148058299091,-0.0347562522771,0.0191382336875
joint,mechanism_lag_augmented,lwip,nuclear_threat,17,418,1990-04-01,2025-01-01,0.00793678037368,HC3,0.556757540088,0.00454138675561,0.0805236669922,0.000466863897323,0.01540669685,-0.000964174107186,0.0168377348545,0.0043225907918,0.0663404251412,0.000826751231964,0.0150468095154,-0.000535341898148,0.0164089026455
joint,mechanism_lag_augmented,lwip,military_conflict,18,417,1990-04-01,2024-12-01,0.00237532682783,HC3,0.556771608641,0.00540485561107,0.6603136522,-0.00651486952718,0.0112655231828,-0.0082179955115,0.0129686491672,0.00499320524374,0.634279688366,-0.00583776492745,0.0105884185831,-0.00741117561732,0.012161829273
joint,mechanism_lag_augmented,lwip,diplomatic_tension,18,417,1990-04-01,2024-12-01,-0.0127178709335,HC3,0.556771608641,0.0150956617637,0.399516445941,-0.0375480249367,0.0121122830697,-0.0423048243131,0.016869082446,0.0144688614578,0.379410954965,-0.0365170301803,0.0110812883132,-0.0410763182881,0.015640576421
joint,mechanism_lag_augmented,lwip,nuclear_threat,18,417,1990-04-01,2024-12-01,0.00848858018841,HC3,0.556771608641,0.00443544570621,0.0556450182283,0.00119292123141,0.0157842391454,-0.000204733651137,0.017181894028,0.00421689063001,0.0441151445215,0.00155241234119,0.0154247480356,0.000223626426852,0.01675353395
joint,mechanism_lag_augmented,lwip,military_conflict,19,416,1990-04-01,2024-11-01,6.85490870084e-05,HC3,0.55686647801,0.00505738273599,0.989185595324,-0.00825010524917,0.00838720342319,-0.00984373893157,0.00998083710559,0.00470116857416,0.988366228683,-0.0076641850931,0.00780128326712,-0.00914557200359,0.00928267017761
joint,mechanism_lag_augmented,lwip,diplomatic_tension,19,416,1990-04-01,2024-11-01,-0.0169990715845,HC3,0.55686647801,0.0138046483384,0.218172549024,-0.0397056974728,0.00570755430377,-0.0440556851471,0.0100575419781,0.0132879865557,0.200798045239,-0.0388558644655,0.00485772129646,-0.0430430466606,0.00904490349164
joint,mechanism_lag_augmented,lwip,nuclear_threat,19,416,1990-04-01,2024-11-01,0.00929768354494,HC3,0.55686647801,0.00440362715711,0.0347405747432,0.00205436144382,0.0165410056461,0.000666732915657,0.0179286341742,0.0041926778756,0.0265821001906,0.00240134213461,0.0161940249553,0.00108018590998,0.0175151811799
joint,mechanism_lag_augmented,lwip,military_conflict,20,415,1990-04-01,2024-10-01,0.000917980070001,HC3,0.557012513825,0.00523571937964,0.8608201315,-0.0076940119413,0.0095299720813,-0.00934384134725,0.0111798014872,0.00486675090619,0.850388479935,-0.00708711280952,0.00892307294952,-0.00862067642786,0.0104566365679
joint,mechanism_lag_augmented,lwip,diplomatic_tension,20,415,1990-04-01,2024-10-01,-0.0119973924917,HC3,0.557012513825,0.0156406145516,0.443041939239,-0.0377239140648,0.0137291290813,-0.042652433709,0.0186576487255,0.0148681193315,0.419712201719,-0.0364532725,0.0124584875166,-0.0411383708993,0.0171435859158
joint,mechanism_lag_augmented,lwip,nuclear_threat,20,415,1990-04-01,2024-10-01,0.0101247230667,HC3,0.557012513825,0.00456526356031,0.0265702421614,0.00261553274154,0.0176339133919,0.00117697090857,0.0190724752249,0.00434994267614,0.0199358401029,0.00296970407883,0.0172797420546,0.00159899208666,0.0186504540468
joint,mechanism_lag_augmented,lwip,military_conflict,21,414,1990-04-01,2024-09-01,0.00181773739961,HC3,0.557045717113,0.00551317839381,0.741620830699,-0.00725063407748,0.0108861088767,-0.00898789369261,0.0126233684918,0.00508189735898,0.720576269897,-0.0065412399031,0.0101767147023,-0.00814259839711,0.0117780731963
joint,mechanism_lag_augmented,lwip,diplomatic_tension,21,414,1990-04-01,2024-09-01,-0.0124015621394,HC3,0.557045717113,0.0149551935641,0.406964172559,-0.0370006665151,0.0121975422363,-0.0417132029069,0.0169100786281,0.014217688381,0.383064970561,-0.0357875784398,0.010984454161,-0.0402677193096,0.0154645950309
joint,mechanism_lag_augmented,lwip,nuclear_threat,21,414,1990-04-01,2024-09-01,0.0118808952417,HC3,0.557045717113,0.00463014682548,0.0102882768594,0.00426498144247,0.0194968090409,0.0028059742206,0.0209558162627,0.00442027194894,0.00719201592781,0.00461019489436,0.019151595589,0.00321732141989,0.0205444690635
joint,mechanism_lag_augmented,lwip,military_conflict,22,413,1990-04-01,2024-08-01,0.00208901602926,HC3,0.557117763272,0.00572539628975,0.715209663788,-0.00732842282367,0.0115064548822,-0.00913255449586,0.0133105865544,0.00529847827956,0.693383799881,-0.0066262051862,0.0108042372447,-0.00829581057154,0.0124738426301
joint,mechanism_lag_augmented,lwip,diplomatic_tension,22,413,1990-04-01,2024-08-01,-0.0147786914363,HC3,0.557117763272,0.013063203278,0.257919517784,-0.0362657487276,0.00670836585507,-0.0403820993838,0.0108247165112,0.0125072705445,0.237361261803,-0.0353513207547,0.00579393788218,-0.0392924912485,0.00973510837593
joint,mechanism_lag_augmented,lwip,nuclear_threat,22,413,1990-04-01,2024-08-01,0.0101680094734,HC3,0.557117763272,0.00462670397183,0.0279719996359,0.00255775866447,0.0177782602822,0.00109983632145,0.0192361826253,0.00443570315368,0.0218877250923,0.00287192705295,0.0174640918938,0.00147419104603,0.0188618279007
joint,mechanism_lag_augmented,lwip,military_conflict,23,412,1990-04-01,2024-07-01,-0.000487395758051,HC3,0.557125748018,0.00571722697784,0.932062340874,-0.00989139728866,0.00891660577256,-0.0116929547261,0.01071816321,0.00527889197357,0.926436506475,-0.00917040036706,0.00819560885096,-0.0108338339045,0.00985904238842
joint,mechanism_lag_augmented,lwip,diplomatic_tension,23,412,1990-04-01,2024-07-01,-0.0199234151389,HC3,0.557125748018,0.0131599329714,0.130039781546,-0.0415695786174,0.0017227483396,-0.0457164098019,0.00586957952407,0.0126535968491,0.115365933745,-0.0407367298101,0.000889899532325,-0.044724009238,0.00487717896023
joint,mechanism_lag_augmented,lwip,nuclear_threat,23,412,1990-04-01,2024-07-01,0.00929739520414,HC3,0.557125748018,0.00478996472954,0.0522564120269,0.00141860434579,0.0171761860625,-9.07631529757e-05,0.0186855535612,0.00461508512405,0.0439501060101,0.00170625569915,0.0168885347091,0.000251994575411,0.0183427958329
joint,mechanism_lag_augmented,lwip,military_conflict,24,411,1990-04-01,2024-06-01,-0.00133311560896,HC3,0.55727985098,0.0057488359675,0.816621014817,-0.0107891093009,0.00812287808293,-0.0126006270583,0.00993439584037,0.00532076167565,0.802162221551,-0.0100849897493,0.00741875853138,-0.0117616168636,0.00909538564564
joint,mechanism_lag_augmented,lwip,diplomatic_tension,24,411,1990-04-01,2024-06-01,-0.0175392329965,HC3,0.55727985098,0.0126742891024,0.166406370319,-0.0383865833956,0.00330811740263,-0.0423803831668,0.00730191717387,0.0122160478216,0.151072505515,-0.0376328435628,0.00255437756982,-0.0414822467602,0.00640378076719
joint,mechanism_lag_augmented,lwip,nuclear_threat,24,411,1990-04-01,2024-06-01,0.0098226540071,HC3,0.55727985098,0.00530627673362,0.0641496074503,0.00109460547619,0.018550702538,-0.000577457282803,0.020222765297,0.00512715598936,0.0553893516923,0.00138923288207,0.0182560751321,-0.000226387075152,0.0198716950894
joint,mechanism_lag_augmented,lwip,military_conflict,25,410,1990-04-01,2024-05-01,-0.00175704424906,HC3,0.557285792697,0.00585686299873,0.764179063656,-0.0113907265951,0.00787663809696,-0.013236284789,0.00972219629084,0.00541506632634,0.745579760025,-0.0106640357361,0.00714994723801,-0.0123703792226,0.00885629072447
joint,mechanism_lag_augmented,lwip,diplomatic_tension,25,410,1990-04-01,2024-05-01,-0.022067730706,HC3,0.557285792697,0.0127623240208,0.083785643524,-0.0430598856599,-0.00107557575218,-0.0470814261458,0.00294596473367,0.012351766808,0.0740013220099,-0.0423845791394,-0.00175088227266,-0.0462767487951,0.00214128738305
joint,mechanism_lag_augmented,lwip,nuclear_threat,25,410,1990-04-01,2024-05-01,0.00832317320165,HC3,0.557285792697,0.00586387984435,0.155783319372,-0.00132205082833,0.0179683972316,-0.00316982010294,0.0198161665062,0.00566320784841,0.141645097933,-0.000991974767987,0.0176383211713,-0.0027765102182,0.0194228566215
joint,mechanism_lag_augmented,lwip,military_conflict,26,409,1990-04-01,2024-04-01,-0.00148700431116,HC3,0.557949348834,0.00594708603178,0.802557075946,-0.0112690903403,0.008295081718,-0.0131430787464,0.0101690701241,0.00550858452193,0.787204038509,-0.0105478195414,0.00757381091911,-0.0122836315799,0.00930962295762
joint,mechanism_lag_augmented,lwip,diplomatic_tension,26,409,1990-04-01,2024-04-01,-0.0219789117551,HC3,0.557949348834,0.0118890002367,0.0645045826193,-0.0415345769152,-0.0024232465949,-0.0452809240312,0.00132310052106,0.0115196011785,0.056396683843,-0.0409269695345,-0.00303085397559,-0.0445569151811,0.000599091671034
joint,mechanism_lag_augmented,lwip,nuclear_threat,26,409,1990-04-01,2024-04-01,0.00750266947559,HC3,0.557949348834,0.00666236624631,0.260111832991,-0.00345594780873,0.0184612867599,-0.005555328419,0.0205606673702,0.00644964395615,0.244720467069,-0.00310605077822,0.0181113897294,-0.00513840039157,0.0201437393428
joint,mechanism_lag_augmented,lwip,military_conflict,27,408,1990-04-01,2024-03-01,-0.00354068658051,HC3,0.558717394502,0.0062935853248,0.573716439236,-0.0138927132285,0.00681134006751,-0.0158758871507,0.00879451398973,0.00581297140981,0.542457508275,-0.0131021736873,0.00602080052628,-0.0149339011869,0.00785252802587
joint,mechanism_lag_augmented,lwip,diplomatic_tension,27,408,1990-04-01,2024-03-01,-0.0217904186941,HC3,0.558717394502,0.010924008277,0.046072618628,-0.0397588133294,-0.00382202405883,-0.0432010814839,-0.000379755904357,0.0105819103874,0.0394737364764,-0.0391961123749,-0.00438472501331,-0.042530581941,-0.00105025544717
joint,mechanism_lag_augmented,lwip,nuclear_threat,27,408,1990-04-01,2024-03-01,0.00616942614116,HC3,0.558717394502,0.00719626864084,0.391274115252,-0.00566738243324,0.0180062347156,-0.00793500121796,0.0202738535003,0.00697618570118,0.376504495737,-0.00530537821172,0.017644230494,-0.00750364658262,0.0198424988649
joint,mechanism_lag_augmented,lwip,military_conflict,28,407,1990-04-01,2024-02-01,-0.00117604735619,HC3,0.558746111574,0.00684717272235,0.863628857884,-0.0124386442429,0.0100865495305,-0.0145962592879,0.0122441645756,0.0063375313406,0.852783012833,-0.0116003587677,0.00924826405532,-0.0135973805347,0.0112452858223
joint,mechanism_lag_augmented,lwip,diplomatic_tension,28,407,1990-04-01,2024-02-01,-0.0200702415851,HC3,0.558746111574,0.0107494160084,0.0618875340869,-0.0377514574941,-0.00238902567597,-0.0411387098164,0.00099822664632,0.0104174707651,0.0540301881553,-0.0372054561567,-0.00293502701346,-0.0404881090946,0.00034762592449
joint,mechanism_lag_augmented,lwip,nuclear_threat,28,407,1990-04-01,2024-02-01,0.00715226137758,HC3,0.558746111574,0.00739249316878,0.333292503075,-0.00500730782331,0.0193118305785,-0.00733675898919,0.0216412817444,0.00713223748971,0.315953740597,-0.00457922532564,0.0188837480808,-0.00682666723143,0.0211311899866
joint,mechanism_lag_augmented,lwip,military_conflict,29,406,1990-04-01,2024-01-01,-0.00173687238898,HC3,0.559551309173,0.00705605148478,0.805563341821,-0.0133430442657,0.00986929948771,-0.0155664791722,0.0120927343942,0.00653883108164,0.79052857371,-0.0124922924096,0.00901854763169,-0.01455274581,0.011079001032
joint,mechanism_lag_augmented,lwip,diplomatic_tension,29,406,1990-04-01,2024-01-01,-0.0171503631573,HC3,0.559551309173,0.0106711317081,0.108016250588,-0.0347028128511,0.000402086536529,-0.0380653969795,0.00376467066495,0.0102952565322,0.0957430997476,-0.0340845532046,-0.000216173109904,-0.037328695172,0.00302796885742
joint,mechanism_lag_augmented,lwip,nuclear_threat,29,406,1990-04-01,2024-01-01,0.00353574891958,HC3,0.559551309173,0.00803400265633,0.659866092685,-0.00967900948861,0.0167505073278,-0.0122106069385,0.0192821047777,0.00765912174645,0.644340258015,-0.00906238526433,0.0161338831035,-0.0114758538567,0.0185473516958
joint,mechanism_lag_augmented,lwip,military_conflict,30,405,1990-04-01,2023-12-01,-0.00369743760396,HC3,0.5596081889,0.00722332827241,0.608738840394,-0.0155787553115,0.00818388010357,-0.0178549008664,0.0104600256585,0.00670953432236,0.581584205826,-0.0147336394693,0.00733876426132,-0.0168478832288,0.0094530080209
joint,mechanism_lag_augmented,lwip,diplomatic_tension,30,405,1990-04-01,2023-12-01,-0.0157940439371,HC3,0.5596081889,0.0107315886712,0.141092722014,-0.0334459364858,0.00185784861159,-0.0368275712295,0.00523948335525,0.0103427182445,0.126743865806,-0.0328063015541,0.00121821367985,-0.0360653991986,0.0044773113243
joint,mechanism_lag_augmented,lwip,nuclear_threat,30,405,1990-04-01,2023-12-01,0.00340563133725,HC3,0.5596081889,0.00789556136542,0.666224862332,-0.00958141141148,0.016392674086,-0.0120693845767,0.0188806472512,0.00752202493087,0.650725463394,-0.00896699865231,0.0157782613268,-0.0113372666181,0.0181485292926
joint,mechanism_lag_augmented,lwip,military_conflict,31,404,1990-04-01,2023-11-01,-0.0052933518741,HC3,0.559920226904,0.00760591600243,0.486458938166,-0.017803970397,0.00721726664879,-0.0202006733083,0.0096139695601,0.00706374023002,0.453634495578,-0.0169121706113,0.0063254668631,-0.0191380283211,0.0085513245729
joint,mechanism_lag_augmented,lwip,diplomatic_tension,31,404,1990-04-01,2023-11-01,-0.0160969640686,HC3,0.559920226904,0.0109848171283,0.142816458109,-0.0341653803635,0.00197145222632,-0.0376268100169,0.00543288187967,0.0105694091781,0.127764531103,-0.0334820950899,0.00128816695272,-0.0368126253955,0.00461869725833
joint,mechanism_lag_augmented,lwip,nuclear_threat,31,404,1990-04-01,2023-11-01,0.00619657079726,HC3,0.559920226904,0.00901120149642,0.491671949207,-0.00862553666732,0.0210186782618,-0.0114650595932,0.0238582011877,0.00851661389942,0.466866926906,-0.00781201246454,0.0202051540591,-0.0104956857158,0.0228888273103
joint,mechanism_lag_augmented,lwip,military_conflict,32,403,1990-04-01,2023-10-01,-0.00345761259533,HC3,0.560035617218,0.00782849141861,0.658727763672,-0.0163343350988,0.00941910990813,-0.0188011738291,0.0118859486384,0.00721970108742,0.632000139102,-0.0153329641145,0.00841773892382,-0.0176079667058,0.0106927415152
joint,mechanism_lag_augmented,lwip,diplomatic_tension,32,403,1990-04-01,2023-10-01,-0.0142837622202,HC3,0.560035617218,0.0118724865128,0.228938482643,-0.0338122647218,0.0052447402814,-0.0375534081923,0.00898588375193,0.0112847405365,0.205599367722,-0.0328455086209,0.00427798418053,-0.0364014472466,0.00783392280629
joint,mechanism_lag_augmented,lwip,nuclear_threat,32,403,1990-04-01,2023-10-01,0.00220922860482,HC3,0.560035617218,0.0110658493402,0.841759142125,-0.0159924738177,0.0204109310273,-0.0194794375603,0.0238978947699,0.0102408673653,0.829200781314,-0.0146354992241,0.0190539564337,-0.0178625026015,0.0222809598112
joint,mechanism_lag_augmented,lwip,military_conflict,33,402,1990-04-01,2023-09-01,-0.00430936882757,HC3,0.560126493322,0.00851600291577,0.612834281181,-0.0183169471107,0.00969820945558,-0.0210004278347,0.0123816901796,0.007801186216,0.58067489592,-0.0171411782695,0.00852244061434,-0.0195994128476,0.0109806751925
joint,mechanism_lag_augmented,lwip,diplomatic_tension,33,402,1990-04-01,2023-09-01,-0.0129720724102,HC3,0.560126493322,0.0119043343656,0.275848305075,-0.0325529599678,0.00660881514751,-0.0363041390266,0.0103599942063,0.0113403595664,0.252671142107,-0.0316253039739,0.00568115915362,-0.0351987687321,0.00925462391179
joint,mechanism_lag_augmented,lwip,nuclear_threat,33,402,1990-04-01,2023-09-01,-0.00129165446482,HC3,0.560126493322,0.0103408122834,0.900596056904,-0.0183007770549,0.0157174681252,-0.0215592741113,0.0189759651816,0.009604049704,0.893014638925,-0.0170889104539,0.0145056015242,-0.0201152459904,0.0175319370607
joint,mechanism_lag_augmented,lwip,military_conflict,34,401,1990-04-01,2023-08-01,-0.00493107086275,HC3,0.560632238341,0.00851954134787,0.562727273344,-0.0189444693488,0.00908232762325,-0.0216290650694,0.0117669233439,0.00780918707698,0.52774970685,-0.0177760405499,0.00791389882435,-0.0202367962822,0.0103746545567
joint,mechanism_lag_augmented,lwip,diplomatic_tension,34,401,1990-04-01,2023-08-01,-0.0114244571983,HC3,0.560632238341,0.0117257714252,0.32990599187,-0.0307116348559,0.00786272045928,-0.0344065468827,0.0115576324861,0.0112282069176,0.308925936951,-0.0298932140708,0.00704429967417,-0.0334313383677,0.010582423971
joint,mechanism_lag_augmented,lwip,nuclear_threat,34,401,1990-04-01,2023-08-01,-0.000291057364823,HC3,0.560632238341,0.00862947626293,0.973093830097,-0.0144852826946,0.0139031679649,-0.0172045200456,0.016622405316,0.00810339103118,0.971347766252,-0.0136199494931,0.0130378347634,-0.0161734119386,0.0155912972089
joint,mechanism_lag_augmented,lwip,military_conflict,35,400,1990-04-01,2023-07-01,-0.00399784875151,HC3,0.560796435321,0.00861948090052,0.642779944957,-0.0181756331732,0.0101799356701,-0.0208917208819,0.0128960233789,0.00788614025548,0.612192575478,-0.0169693951534,0.00897369765036,-0.0194543996293,0.0114587021263
joint,mechanism_lag_augmented,lwip,diplomatic_tension,35,400,1990-04-01,2023-07-01,-0.0150593291035,HC3,0.560796435321,0.0127469844414,0.237442559565,-0.0360262526946,0.00590759448762,-0.0400429595201,0.00992430131313,0.0122124681181,0.217534343948,-0.0351470515816,0.00502839337455,-0.0389953267773,0.00887666857028
joint,mechanism_lag_augmented,lwip,nuclear_threat,35,400,1990-04-01,2023-07-01,0.00324089915192,HC3,0.560796435321,0.00812859542169,0.690111715184,-0.0101294505095,0.0166112488133,-0.0126908551195,0.0191726534233,0.00769272197021,0.67354026462,-0.00941250248191,0.0158943007858,-0.0118365588528,0.0183183571566
joint,mechanism_lag_augmented,lwip,military_conflict,36,399,1990-04-01,2023-06-01,-0.00464570699682,HC3,0.561151755219,0.00897988308775,0.60491461704,-0.0194163002633,0.0101248862697,-0.0222459544342,0.0129545404405,0.00820558462681,0.571282268251,-0.0181426926315,0.00885127863784,-0.0207283573375,0.0114369433438
joint,mechanism_lag_augmented,lwip,diplomatic_tension,36,399,1990-04-01,2023-06-01,-0.0177213015418,HC3,0.561151755219,0.0127949138374,0.166044201675,-0.0387670619737,0.00332445889007,-0.0427988718483,0.00735626876468,0.0122471208287,0.147903379445,-0.0378660226566,0.00242341957295,-0.0417252172804,0.00628261419671
joint,mechanism_lag_augmented,lwip,nuclear_threat,36,399,1990-04-01,2023-06-01,0.00132101397887,HC3,0.561151755219,0.00807867470074,0.870110090392,-0.0119672234036,0.0146092513613,-0.0145128974774,0.0171549254351,0.0076839154141,0.86350090989,-0.0113179021592,0.0139599301169,-0.013739183493,0.0163812114508
joint,mechanism_lag_augmented,lwip,military_conflict,37,398,1990-04-01,2023-05-01,-0.00465206255118,HC3,0.562225137844,0.00857812538821,0.587600200642,-0.0187618232084,0.00945769810606,-0.0214648793669,0.0121607542646,0.00784115554768,0.552988508567,-0.0175496156933,0.00824549059091,-0.0200204450218,0.0107163199194
joint,mechanism_lag_augmented,lwip,diplomatic_tension,37,398,1990-04-01,2023-05-01,-0.0130313708976,HC3,0.562225137844,0.0131559569975,0.321915103027,-0.034670994481,0.00860825268572,-0.0388165727949,0.0127538309996,0.012598605118,0.300972433022,-0.0337542322205,0.00769149042529,-0.0377241831844,0.0116614413891
joint,mechanism_lag_augmented,lwip,nuclear_threat,37,398,1990-04-01,2023-05-01,0.0007661483551,HC3,0.562225137844,0.00738403777079,0.917361895895,-0.0113795129537,0.0129118096639,-0.0137062997361,0.0152385964463,0.00704725021443,0.9134278071,-0.0108255467201,0.0123578434303,-0.0130462082552,0.0145785049654
joint,mechanism_lag_augmented,lwip,military_conflict,38,397,1990-04-01,2023-04-01,-0.00336392221179,HC3,0.562227586623,0.00845485816072,0.690727079005,-0.0172709263228,0.0105430818992,-0.0199351397012,0.0132072952776,0.00770521049332,0.662417719314,-0.0160378656381,0.00931002121457,-0.018465857272,0.0117380128484
joint,mechanism_lag_augmented,lwip,diplomatic_tension,38,397,1990-04-01,2023-04-01,-0.0111148224032,HC3,0.562227586623,0.0128478235496,0.386976632223,-0.0322476115673,0.0100179667609,-0.0362960938402,0.0140664490338,0.012303377736,0.366315754841,-0.031352077896,0.00912243308963,-0.035228999654,0.0129993548476
joint,mechanism_lag_augmented,lwip,nuclear_threat,38,397,1990-04-01,2023-04-01,0.000997736397972,HC3,0.562227586623,0.00677906810999,0.882990743496,-0.0101528383701,0.012148311166,-0.0122889929464,0.0142844657423,0.00645799551131,0.87721843007,-0.00962472094164,0.0116201937376,-0.0116597022165,0.0136551750125
joint,mechanism_lag_augmented,lwip,military_conflict,39,396,1990-04-01,2023-03-01,-0.00327621472104,HC3,0.562375879492,0.00843320198513,0.697653445771,-0.0171475975931,0.010595168151,-0.0198049868862,0.0132525574442,0.00767010021079,0.66927658918,-0.0158924068718,0.00933997742977,-0.018309334892,0.0117569054499
joint,mechanism_lag_augmented,lwip,diplomatic_tension,39,396,1990-04-01,2023-03-01,-0.014457847564,HC3,0.562375879492,0.0125768221636,0.250323965511,-0.0351448791154,0.00622918398737,-0.0391079660447,0.0101922709167,0.0120370043993,0.229705917742,-0.0342569579078,0.00534126277976,-0.0380499426684,0.00913424754031
joint,mechanism_lag_augmented,lwip,nuclear_threat,39,396,1990-04-01,2023-03-01,0.00346221955592,HC3,0.562375879492,0.00643164951894,0.59036323078,-0.00711690248258,0.0140413415944,-0.00914358186238,0.0160680209742,0.00612190203719,0.571702184823,-0.0066074132138,0.0135318523256,-0.00853648795386,0.0154609270657
joint,mechanism_lag_augmented,lwip,military_conflict,40,395,1990-04-01,2023-02-01,-0.00216632042486,HC3,0.562394743256,0.00871180539123,0.803619983352,-0.0164959651199,0.0121633242702,-0.019241145232,0.0149085043823,0.00785683624278,0.782759854423,-0.0150896660152,0.0107570251654,-0.0175654364931,0.0132327956434
joint,mechanism_lag_augmented,lwip,diplomatic_tension,40,395,1990-04-01,2023-02-01,-0.0173616577583,HC3,0.562394743256,0.0135953598375,0.201592295254,-0.0397240346968,0.0050007191801,-0.0440080733967,0.00928475788005,0.0130097977717,0.18203796668,-0.038760870809,0.00403755529235,-0.042860392837,0.00813707732034
joint,mechanism_lag_augmented,lwip,nuclear_threat,40,395,1990-04-01,2023-02-01,0.0013596989525,HC3,0.562394743256,0.00655257840281,0.835614752799,-0.00941833339925,0.0121377313042,-0.0114831187229,0.0142025166279,0.00622785767246,0.827175656111,-0.00888421532818,0.0116036132332,-0.0108466777864,0.0135660756914
joint,mechanism_lag_augmented,lwip,military_conflict,41,394,1990-04-01,2023-01-01,-0.00135637087216,HC3,0.562688379424,0.0089315017619,0.879294442182,-0.0160473839393,0.013334642195,-0.0188617926533,0.016149050909,0.00805692889692,0.866309220613,-0.0146088395904,0.011896097846,-0.0171476613361,0.0144349195918
joint,mechanism_lag_augmented,lwip,diplomatic_tension,41,394,1990-04-01,2023-01-01,-0.0159810551603,HC3,0.562688379424,0.0140555090626,0.255540029862,-0.0391003102206,0.0071381999,-0.0435293467074,0.0115672363868,0.0134366035511,0.234295213248,-0.0380823012453,0.00612019092466,-0.042316314195,0.0103542038744
joint,mechanism_lag_augmented,lwip,nuclear_threat,41,394,1990-04-01,2023-01-01,0.00286543250936,HC3,0.562688379424,0.00680946975989,0.673900312906,-0.00833514852282,0.0140660135415,-0.0104808829738,0.0162117479926,0.00644395244257,0.65655823261,-0.0077339260377,0.0134647910564,-0.00976448219617,0.0154953472149
joint,mechanism_lag_augmented,lwip,military_conflict,42,393,1990-04-01,2022-12-01,-0.000639593641864,HC3,0.562706774892,0.00908497022917,0.943874262939,-0.0155830398741,0.0143038525903,-0.0184458080917,0.0171666208079,0.00815004878377,0.93744840422,-0.0140452309437,0.0127660436599,-0.0166133957303,0.0153342084466
joint,mechanism_lag_augmented,lwip,diplomatic_tension,42,393,1990-04-01,2022-12-01,-0.0130271773406,HC3,0.562706774892,0.0130976171613,0.319920174473,-0.0345708404327,0.00851648575154,-0.0386980352599,0.0126436805788,0.0124764105755,0.296418471167,-0.0335490465271,0.00749469184591,-0.0374804927249,0.0114261380438
joint,mechanism_lag_augmented,lwip,nuclear_threat,42,393,1990-04-01,2022-12-01,0.00388589699426,HC3,0.562706774892,0.00714716705543,0.58664964016,-0.0078701466593,0.0156419406478,-0.0101222930259,0.0178940870144,0.00675630811912,0.565189216341,-0.00722724092028,0.0149990349088,-0.00935622358767,0.0171280175762
joint,mechanism_lag_augmented,lwip,military_conflict,43,392,1990-04-01,2022-11-01,0.00060256644205,HC3,0.562743172623,0.00911049740042,0.947266527351,-0.0143828682504,0.0155880011345,-0.017253680344,0.0184588132281,0.00818145710244,0.941288678075,-0.0128547329466,0.0140598658307,-0.0154327948198,0.0166379277039
joint,mechanism_lag_augmented,lwip,diplomatic_tension,43,392,1990-04-01,2022-11-01,-0.00775080242475,HC3,0.562743172623,0.0121687318312,0.524161230174,-0.0277665851128,0.0122649802633,-0.0316010785515,0.016099473702,0.011557211305,0.502445801232,-0.0267607233572,0.0112591185077,-0.0304025203442,0.0149009154947
joint,mechanism_lag_augmented,lwip,nuclear_threat,43,392,1990-04-01,2022-11-01,0.000999281061439,HC3,0.562743172623,0.00741305403527,0.892769858917,-0.0111941077553,0.0131926698781,-0.0135300378631,0.015528599986,0.00706146000933,0.887465510723,-0.0106157870465,0.0126143491694,-0.0128409262351,0.014839488358
joint,mechanism_lag_augmented,lwip,military_conflict,44,391,1990-04-01,2022-10-01,0.000649921869959,HC3,0.562867660391,0.00901110858338,0.942502813897,-0.0141720327663,0.0154718765062,-0.0170115264142,0.0183113701542,0.0080941230517,0.936002216263,-0.0126637257886,0.0139635695285,-0.0152142677978,0.0165141115377
joint,mechanism_lag_augmented,lwip,diplomatic_tension,44,391,1990-04-01,2022-10-01,-0.00342700590949,HC3,0.562867660391,0.0118719836559,0.772839054505,-0.022954681285,0.0161006694661,-0.0266956663001,0.0198416544812,0.011298035793,0.761640226238,-0.0220106210611,0.0151566092421,-0.0255707491598,0.0187167373409
joint,mechanism_lag_augmented,lwip,nuclear_threat,44,391,1990-04-01,2022-10-01,0.00188090374761,HC3,0.562867660391,0.007144523854,0.792346261512,-0.00987079222648,0.0136325997217,-0.0121221056929,0.0158839131881,0.00680308014765,0.782180756758,-0.00930916730769,0.0130709748029,-0.0114528883257,0.0152146958209
joint,mechanism_lag_augmented,lwip,military_conflict,45,390,1990-04-01,2022-09-01,0.00266005925374,HC3,0.563799415939,0.00919002772496,0.772236560198,-0.0124561911815,0.0177763096889,-0.0153520641041,0.0206721826116,0.00823277355386,0.746614900032,-0.0108816481862,0.0162017666937,-0.0134758804047,0.0187959989122
joint,mechanism_lag_augmented,lwip,diplomatic_tension,45,390,1990-04-01,2022-09-01,-0.00225190820701,HC3,0.563799415939,0.0117050409958,0.847438373084,-0.0215049873425,0.0170011709285,-0.0251933669963,0.0206895505822,0.0110933116745,0.839137432218,-0.0204987821498,0.0159949657357,-0.0239943995584,0.0194905831443
joint,mechanism_lag_augmented,lwip,nuclear_threat,45,390,1990-04-01,2022-09-01,0.00214682535384,HC3,0.563799415939,0.00686032078419,0.75433105711,-0.00913739817009,0.0134310488778,-0.0112991563056,0.0155928070132,0.00649656199878,0.741055728985,-0.00853906821257,0.0128327189202,-0.0105862021871,0.0148798528948
joint,mechanism_lag_augmented,lwip,military_conflict,46,389,1990-04-01,2022-08-01,0.00258941400782,HC3,0.564044806449,0.00893082255405,0.771861170343,-0.0121004818619,0.0172793098775,-0.0149146765504,0.0200935045661,0.00803560029282,0.747268793739,-0.0106279722786,0.0158068002942,-0.0131600731603,0.0183389011759
joint,mechanism_lag_augmented,lwip,diplomatic_tension,46,389,1990-04-01,2022-08-01,-0.00241379175756,HC3,0.564044806449,0.0113016548589,0.830875679734,-0.0210033597428,0.0161757762277,-0.0245646282467,0.0197370447316,0.0106840733289,0.821260299945,-0.0199875285232,0.0151599450081,-0.0233541906903,0.0185266071752
joint,mechanism_lag_augmented,lwip,nuclear_threat,46,389,1990-04-01,2022-08-01,0.00217343040973,HC3,0.564044806449,0.00650833740806,0.738420635988,-0.00853183198133,0.0128786928008,-0.0105826765093,0.0149295373288,0.00616096012784,0.72425740724,-0.00796044720204,0.0123073080215,-0.00990182955101,0.0142486903705
joint,mechanism_lag_augmented,lwip,military_conflict,47,388,1990-04-01,2022-07-01,0.00636704658067,HC3,0.565319410217,0.00973582921428,0.513124095956,-0.00964696741382,0.0223810605752,-0.012714828039,0.0254489212003,0.0086824462783,0.463360816131,-0.00791430667099,0.0206483998323,-0.0106502354225,0.0233843285838
joint,mechanism_lag_augmented,lwip,diplomatic_tension,47,388,1990-04-01,2022-07-01,0.00461619328666,HC3,0.565319410217,0.0117189555409,0.693648778075,-0.0146597732388,0.0238921598122,-0.0183525375099,0.0275849240832,0.0109821766682,0.674240741146,-0.0134478798378,0.0226802664112,-0.0169084774549,0.0261408640282
joint,mechanism_lag_augmented,lwip,nuclear_threat,47,388,1990-04-01,2022-07-01,0.00414923365011,HC3,0.565319410217,0.00651348159006,0.524110255465,-0.00656449016737,0.0148629574676,-0.00861695568036,0.0169154229806,0.00616029502825,0.500600864013,-0.0059835499702,0.0142820172704,-0.0079247227394,0.0162231900396
joint,mechanism_lag_augmented,lwip,military_conflict,48,387,1990-04-01,2022-06-01,0.00608456274265,HC3,0.565364942162,0.0100182101827,0.543618478253,-0.010393926612,0.0225630520973,-0.0135507684051,0.0257198938903,0.00889128972258,0.493767769573,-0.00854030740582,0.0207094328911,-0.0113420448897,0.023511170375
joint,mechanism_lag_augmented,lwip,diplomatic_tension,48,387,1990-04-01,2022-06-01,0.00485237844187,HC3,0.565364942162,0.0119879806647,0.685646367369,-0.0148660950343,0.024570851918,-0.0186436319083,0.0283483887921,0.0112119622558,0.66517036527,-0.0135896583398,0.0232944152236,-0.0171226637755,0.0268274206593
joint,mechanism_lag_augmented,lwip,nuclear_threat,48,387,1990-04-01,2022-06-01,0.00250749557995,HC3,0.565364942162,0.00648571732575,0.699038970975,-0.00816056008669,0.0131755512466,-0.0102042767924,0.0152192679523,0.006129604923,0.682481336346,-0.00757480730942,0.0125897984693,-0.00950630930859,0.0145213004685
joint,mechanism_lag_augmented,production_growth,military_conflict,0,430,1990-05-01,2026-02-01,-0.00282861432821,HC3,0.412560528892,0.00372926676037,0.448157250699,-0.00896271228487,0.00330548362846,-0.0101378428673,0.00448061421086,0.00335882619222,0.399707521076,-0.00835339177278,0.00269616311637,-0.00941179269529,0.00375456403888
joint,mechanism_lag_augmented,production_growth,diplomatic_tension,0,430,1990-05-01,2026-02-01,0.00277023311424,HC3,0.412560528892,0.00352898916455,0.432457452983,-0.00303443751254,0.00857490374102,-0.00414645855011,0.00968692477858,0.00334132914087,0.407058471162,-0.00272576424196,0.00826623047043,-0.00377865166235,0.00931911789083
joint,mechanism_lag_augmented,production_growth,nuclear_threat,0,430,1990-05-01,2026-02-01,-0.000892104245699,HC3,0.412560528892,0.00139589682738,0.522764132224,-0.00318815020507,0.00140394171367,-0.0036280117535,0.00184380326211,0.00129648201016,0.491392251316,-0.00302462738239,0.00124041889099,-0.00343316229222,0.00164895380082
joint,mechanism_lag_augmented,production_growth,military_conflict,1,429,1990-05-01,2026-01-01,0.00315883083089,HC3,0.412926481924,0.00300018575493,0.292396718722,-0.00177603558963,0.00809369725142,-0.0027214251957,0.00903908685749,0.00275690492317,0.251882543385,-0.00137587423114,0.00769353589292,-0.00224460352731,0.0085622651891
joint,mechanism_lag_augmented,production_growth,diplomatic_tension,1,429,1990-05-01,2026-01-01,0.00388219716128,HC3,0.412926481924,0.00486744983574,0.425112290661,-0.00412404535505,0.0118884396776,-0.00565782921333,0.0134222235359,0.00451323649182,0.389689657168,-0.00354141625158,0.0113058105741,-0.00496358381639,0.0127279781389
joint,mechanism_lag_augmented,production_growth,nuclear_threat,1,429,1990-05-01,2026-01-01,0.00174986115901,HC3,0.412926481924,0.00182817960583,0.338486291251,-0.00125722669636,0.00475694901439,-0.00183330502569,0.00533302734372,0.0017501584712,0.31739272551,-0.00112889335008,0.0046286156681,-0.00168038641177,0.0051801087298
joint,mechanism_lag_augmented,production_growth,military_conflict,2,428,1990-05-01,2025-12-01,0.00348519676636,HC3,0.413273449433,0.0022718404598,0.125008700285,-0.000251648253802,0.00722204178651,-0.000967528713474,0.00793792224619,0.00212024933044,0.100224254043,-2.30303485792e-06,0.00697269656757,-0.000670415559549,0.00764080909226
joint,mechanism_lag_augmented,production_growth,diplomatic_tension,2,428,1990-05-01,2025-12-01,0.00471697522776,HC3,0.413273449433,0.00493559635835,0.339221182029,-0.00340135834344,0.012835308799,-0.00495661587684,0.0143905663324,0.00474798995656,0.320482025571,-0.00309277327303,0.0125267237285,-0.00458891408607,0.0140228645416
joint,mechanism_lag_augmented,production_growth,nuclear_threat,2,428,1990-05-01,2025-12-01,0.00153228410415,HC3,0.413273449433,0.00204050691761,0.45269294267,-0.00182405110011,0.0048886193084,-0.00246703596458,0.00553160417287,0.0019461834535,0.431090069828,-0.00166890280806,0.00473347101636,-0.00228216537203,0.00534673358032
joint,mechanism_lag_augmented,production_growth,military_conflict,3,427,1990-05-01,2025-11-01,-0.00287258811141,HC3,0.413369706734,0.00380186414002,0.449904899289,-0.00912609813129,0.00338092190848,-0.0103241049,0.00457892867714,0.00332784764245,0.388029161215,-0.00834641037604,0.00260123415322,-0.00939504963665,0.00364987341384
joint,mechanism_lag_augmented,production_growth,diplomatic_tension,3,427,1990-05-01,2025-11-01,-0.00437860847116,HC3,0.413369706734,0.00511429499199,0.391914294472,-0.012790875138,0.0040336581957,-0.0144024424618,0.00564522551944,0.00464233055705,0.345582767582,-0.0120145627254,0.0032573457831,-0.0134774091673,0.00472019222497
joint,mechanism_lag_augmented,production_growth,nuclear_threat,3,427,1990-05-01,2025-11-01,-0.000805185285293,HC3,0.413369706734,0.00183722063239,0.661195857471,-0.00382714430599,0.0022167737354,-0.00440607155643,0.00279570098585,0.00170761108916,0.637264212766,-0.00361395557873,0.00200358500814,-0.00415204151966,0.00254167094907
joint,mechanism_lag_augmented,production_growth,military_conflict,4,426,1990-05-01,2025-10-01,-0.00354492580239,HC3,0.414173972829,0.00373305953915,0.342313841322,-0.009685262325,0.00259541072021,-0.0108615880513,0.00377173644649,0.00358682442159,0.322996569061,-0.00944472696148,0.0023548753567,-0.0105749724876,0.00348512088279
joint,mechanism_lag_augmented,production_growth,diplomatic_tension,4,426,1990-05-01,2025-10-01,-0.000822661851386,HC3,0.414173972829,0.00439295258,0.851450081726,-0.00804842583562,0.00640310213285,-0.00943269069398,0.00778736699121,0.00424237809382,0.84624223469,-0.0078007528459,0.00615542914313,-0.00913757012407,0.0074922464213
joint,mechanism_lag_augmented,production_growth,nuclear_threat,4,426,1990-05-01,2025-10-01,-0.000547657199059,HC3,0.414173972829,0.00133660745404,0.681999065867,-0.00274618081765,0.00165086641953,-0.00316735967044,0.00207204527233,0.00129092440635,0.671393373939,-0.00267103889096,0.00157572449284,-0.00307782254226,0.00198250814415
joint,mechanism_lag_augmented,production_growth,military_conflict,5,425,1990-05-01,2025-09-01,0.00209699116574,HC3,0.414183431957,0.0025444203698,0.409852743683,-0.002088207908,0.00628219023949,-0.00288998112059,0.00708396345208,0.00237585683854,0.377438797402,-0.00181094557225,0.00600492790374,-0.00255960267022,0.00675358500171
joint,mechanism_lag_augmented,production_growth,diplomatic_tension,5,425,1990-05-01,2025-09-01,-7.86124855327e-06,HC3,0.414183431957,0.00388533576082,0.998385631267,-0.00639866986666,0.00638294736955,-0.0076229794076,0.00760725691049,0.00371327288316,0.998310825958,-0.00611565161828,0.00609992912117,-0.00728574236431,0.00727001986721
joint,mechanism_lag_augmented,production_growth,nuclear_threat,5,425,1990-05-01,2025-09-01,0.000840149618325,HC3,0.414183431957,0.00126361085153,0.506127230886,-0.00123830527387,0.00291860451052,-0.00163648214115,0.0033167813778,0.00120746984964,0.486558188749,-0.0011459615433,0.00282626077995,-0.00152644779939,0.00320674703605
joint,mechanism_lag_augmented,production_growth,military_conflict,6,424,1990-05-01,2025-08-01,0.00303430437065,HC3,0.414312880126,0.00224538425314,0.176582720645,-0.000659024062026,0.00672763280333,-0.00136656789696,0.00743517663826,0.00209453226695,0.147427319635,-0.000410894625402,0.00647950336671,-0.00107090343702,0.00713951217833
joint,mechanism_lag_augmented,production_growth,diplomatic_tension,6,424,1990-05-01,2025-08-01,-0.000319379623214,HC3,0.414312880126,0.00275762986479,0.907797805571,-0.00485527710811,0.00421651786168,-0.0057242348409,0.00508547559447,0.0026457238122,0.903916456294,-0.00467120803162,0.0040324487852,-0.00550490300817,0.00486614376174
joint,mechanism_lag_augmented,production_growth,nuclear_threat,6,424,1990-05-01,2025-08-01,-0.000627709803468,HC3,0.414312880126,0.00139580255678,0.652917784807,-0.0029236007015,0.00166818109456,-0.00336343254429,0.00210801293735,0.00134434791298,0.640553456106,-0.00283896534401,0.00158354573707,-0.00326258329559,0.00200716368865
joint,mechanism_lag_augmented,production_growth,military_conflict,7,423,1990-05-01,2025-07-01,-0.0027270393462,HC3,0.414948296856,0.00287605099162,0.343033346482,-0.00745772225106,0.00200364355866,-0.00836399570747,0.00290991701507,0.00269625696375,0.311817027016,-0.00716198739222,0.00170790869981,-0.00801160588822,0.00255752719581
joint,mechanism_lag_augmented,production_growth,diplomatic_tension,7,423,1990-05-01,2025-07-01,-0.000386573520369,HC3,0.414948296856,0.00360749870214,0.914663376388,-0.00632038084481,0.00554723380407,-0.00745714105084,0.00668399401011,0.00346318905326,0.911121883879,-0.00608301259544,0.0053098655547,-0.00717429933641,0.00640115229567
joint,mechanism_lag_augmented,production_growth,nuclear_threat,7,423,1990-05-01,2025-07-01,0.000233168812055,HC3,0.414948296856,0.00148911080923,0.875573832515,-0.00221620050344,0.00268253812755,-0.00268543474303,0.00315177236714,0.00144271162911,0.87160633019,-0.00213988064374,0.00260621826785,-0.00259449402109,0.0030608316452
joint,mechanism_lag_augmented,production_growth,military_conflict,8,422,1990-05-01,2025-06-01,0.000845199298926,HC3,0.414948343645,0.00258790383978,0.743973394355,-0.00341152371814,0.00510192231599,-0.00422699902249,0.00591739762034,0.00236454368497,0.72075711677,-0.00304412895738,0.00473452755523,-0.00378922116349,0.00547961976134
joint,mechanism_lag_augmented,production_growth,diplomatic_tension,8,422,1990-05-01,2025-06-01,0.00167750782582,HC3,0.414948343645,0.0057667859971,0.771134461927,-0.00780801103737,0.011163026689,-0.00962518503506,0.0129802006867,0.00558445609921,0.763880638602,-0.00750810504352,0.0108631206952,-0.00926782500188,0.0126228406535
joint,mechanism_lag_augmented,production_growth,nuclear_threat,8,422,1990-05-01,2025-06-01,0.000840275755891,HC3,0.414948343645,0.00164386845458,0.609240747337,-0.00186364723385,0.00354419874563,-0.0023816472104,0.00406219872218,0.00159436839832,0.598174594057,-0.00178222688679,0.00346277839857,-0.00228462888291,0.00396518039469
joint,mechanism_lag_augmented,production_growth,military_conflict,9,421,1990-05-01,2025-05-01,-0.000889234464719,HC3,0.415372005672,0.00182810169589,0.626665831208,-0.00389619416965,0.00211772524021,-0.00447224794875,0.00269377901931,0.00166429653075,0.593133647926,-0.00362675864965,0.00184828972021,-0.00415119572459,0.00237272679515
joint,mechanism_lag_augmented,production_growth,diplomatic_tension,9,421,1990-05-01,2025-05-01,-0.0099055614748,HC3,0.415372005672,0.00832212605006,0.233941019774,-0.0235942406922,0.00378311774258,-0.0262166288077,0.00640550585811,0.00801682740376,0.216608697977,-0.0230920691065,0.00328094615692,-0.0256182544565,0.00580713150685
joint,mechanism_lag_augmented,production_growth,nuclear_threat,9,421,1990-05-01,2025-05-01,-0.00074757631687,HC3,0.415372005672,0.00134302623603,0.577776373442,-0.00295665789229,0.00146150525855,-0.00337985936977,0.00188470673603,0.00130018382325,0.565306580317,-0.00288618839425,0.00139103576051,-0.00329588978372,0.00180073714998
joint,mechanism_lag_augmented,production_growth,military_conflict,10,420,1990-05-01,2025-04-01,0.00186193125229,HC3,0.415839368709,0.00192087065091,0.332387393784,-0.00129761980476,0.00502148230935,-0.00190290604245,0.00562676854704,0.00180867364608,0.303270297914,-0.00111307215444,0.00483693465902,-0.00168300395382,0.0054068664584
joint,mechanism_lag_augmented,production_growth,diplomatic_tension,10,420,1990-05-01,2025-04-01,0.00584269331012,HC3,0.415839368709,0.00412015923509,0.156168975341,-0.000934365551331,0.0126197521716,-0.00223267040122,0.0139180570215,0.00398464959874,0.142566465902,-0.000711472034496,0.0123968586547,-0.00196707639442,0.0136524630147
joint,mechanism_lag_augmented,production_growth,nuclear_threat,10,420,1990-05-01,2025-04-01,-0.000321451395175,HC3,0.415839368709,0.00175775410791,0.854895156095,-0.00321269961487,0.00256979682452,-0.00376658614036,0.00312368335001,0.00170371732024,0.850346382911,-0.00312381700867,0.00248091421832,-0.00366067598268,0.00301777319233
joint,mechanism_lag_augmented,production_growth,military_conflict,11,419,1990-05-01,2025-03-01,-0.00035388804203,HC3,0.416258023904,0.00252663448713,0.888610202875,-0.00450983194216,0.0038020558581,-0.00530600063889,0.00459822455483,0.00233658200255,0.879616463482,-0.0041972234236,0.00348944733954,-0.00493350461396,0.0042257285299
joint,mechanism_lag_augmented,production_growth,diplomatic_tension,11,419,1990-05-01,2025-03-01,-0.00714424267714,HC3,0.416258023904,0.00583387834121,0.220721104938,-0.0167401186259,0.00245163327158,-0.0185784341161,0.00428994876181,0.00565302356902,0.206304901992,-0.0164426389979,0.00215415364361,-0.0182239652762,0.0039354799219
joint,mechanism_lag_augmented,production_growth,nuclear_threat,11,419,1990-05-01,2025-03-01,-0.00162627978888,HC3,0.416258023904,0.00227889424353,0.475458040102,-0.0053747272508,0.00212216767304,-0.00609283043078,0.00284027085302,0.00219790764927,0.459347444462,-0.00524151615748,0.00198895657972,-0.00593409962279,0.00268154004503
joint,mechanism_lag_augmented,production_growth,military_conflict,12,418,1990-05-01,2025-02-01,0.000219446368396,HC3,0.416259752086,0.00240512507989,0.927300981559,-0.00373663234253,0.00417552507932,-0.00449451216649,0.00493340490329,0.00219341441853,0.920306347434,-0.00338839929332,0.00382729203011,-0.00407956689508,0.00451845963188
joint,mechanism_lag_augmented,production_growth,diplomatic_tension,12,418,1990-05-01,2025-02-01,0.000688857982606,HC3,0.416259752086,0.00390540989427,0.859991033906,-0.00573496964671,0.00711268561192,-0.00696560475502,0.00834332072024,0.00371001037791,0.852699252796,-0.00541356604352,0.00679128200874,-0.00658262874036,0.00796034470558
joint,mechanism_lag_augmented,production_growth,nuclear_threat,12,418,1990-05-01,2025-02-01,0.000410018444362,HC3,0.416259752086,0.00218102366167,0.850881684542,-0.003177446236,0.00399748312472,-0.00386470938193,0.00468474627066,0.00211728972949,0.846447989011,-0.0030726132465,0.00389265013523,-0.00373979317028,0.00455983005901
joint,mechanism_lag_augmented,production_growth,military_conflict,13,417,1990-05-01,2025-01-01,0.00318095469004,HC3,0.41714367389,0.00240751007686,0.186413589063,-0.0007790469918,0.00714095637188,-0.00153767835302,0.0078995877331,0.00216942475618,0.142575717498,-0.000387431488565,0.00674934086865,-0.00107103969925,0.00743294907933
joint,mechanism_lag_augmented,production_growth,diplomatic_tension,13,417,1990-05-01,2025-01-01,0.00552492214814,HC3,0.41714367389,0.00355919314021,0.120591355901,-0.00032942959755,0.0113792738938,-0.00145096822069,0.012500812517,0.00337207795061,0.101331501571,-2.16524992769e-05,0.0110714967956,-0.00108422918811,0.0121340734844
joint,mechanism_lag_augmented,production_growth,nuclear_threat,13,417,1990-05-01,2025-01-01,0.00124285638247,HC3,0.41714367389,0.00186648133253,0.505486506112,-0.00182723220698,0.00431294497192,-0.00241537980711,0.00490109257204,0.00181087933906,0.492506578969,-0.00173577506636,0.00422148783129,-0.00230640190244,0.00479211466737
joint,mechanism_lag_augmented,production_growth,military_conflict,14,416,1990-05-01,2024-12-01,-0.00275315258211,HC3,0.417163797236,0.00228055893694,0.227344691453,-0.00650433822102,0.000998033056791,-0.00722296596314,0.00171666079891,0.0020962425809,0.189056620184,-0.00620116479428,0.000694859630054,-0.00686171254354,0.00135540737931
joint,mechanism_lag_augmented,production_growth,diplomatic_tension,14,416,1990-05-01,2024-12-01,-0.00488238031241,HC3,0.417163797236,0.00375891462977,0.19398499762,-0.0110652446746,0.00130048404976,-0.0122497176077,0.00248495698289,0.00359958919694,0.174980986403,-0.0108031776585,0.00103841703371,-0.0119374454975,0.00217268487272
joint,mechanism_lag_augmented,production_growth,nuclear_threat,14,416,1990-05-01,2024-12-01,0.000131457797263,HC3,0.417163797236,0.00148198143695,0.929317091386,-0.00230618474439,0.00256910033891,-0.00277317244493,0.00303608803945,0.00141939966718,0.92620937235,-0.00220324689339,0.00246616248792,-0.00265051443008,0.0029134300246
joint,mechanism_lag_augmented,production_growth,military_conflict,15,415,1990-05-01,2024-11-01,0.00150790648866,HC3,0.417364534229,0.00229057894847,0.510340226581,-0.00225976060255,0.00527557357987,-0.00298154575409,0.00599735873141,0.00213486760611,0.479987177886,-0.00200363823631,0.00501945121363,-0.00267635713108,0.0056921701084
joint,mechanism_lag_augmented,production_growth,diplomatic_tension,15,415,1990-05-01,2024-11-01,-0.000321594100944,HC3,0.417364534229,0.00338849743487,0.924388233488,-0.0058951763966,0.00525198819471,-0.00696292703499,0.0063197388331,0.00323178787015,0.920733621152,-0.0056374121007,0.00499422389881,-0.00665578193211,0.00601259373022
joint,mechanism_lag_augmented,production_growth,nuclear_threat,15,415,1990-05-01,2024-11-01,-2.77008147328e-05,HC3,0.417364534229,0.00150198328181,0.98528558888,-0.00249824346344,0.00244284183398,-0.00297153395246,0.002916132323,0.0014550398482,0.984810919517,-0.0024210283864,0.00236562675693,-0.00287952651327,0.0028241248838
joint,mechanism_lag_augmented,production_growth,military_conflict,16,414,1990-05-01,2024-10-01,0.00254873373452,HC3,0.418882924609,0.00185048456391,0.168409270459,-0.000495042512042,0.00559250998108,-0.00107814936469,0.00617561683372,0.0017118119396,0.13651109768,-0.000266946342994,0.00536441381203,-0.000806356015406,0.00590382348444
joint,mechanism_lag_augmented,production_growth,diplomatic_tension,16,414,1990-05-01,2024-10-01,0.000460194126213,HC3,0.418882924609,0.00287461749749,0.872811107092,-0.00426813089062,0.00518851914305,-0.00517395263819,0.00609434089061,0.00276293592929,0.867716406654,-0.00408443105811,0.00500481931054,-0.00495506078678,0.00587544903921
joint,mechanism_lag_augmented,production_growth,nuclear_threat,16,414,1990-05-01,2024-10-01,0.00159396684935,HC3,0.418882924609,0.0016538498422,0.335150338928,-0.00112637406203,0.00431430776072,-0.0016475192772,0.00483545297589,0.00158549432448,0.314731343333,-0.00101393924079,0.00420187293948,-0.00151354492433,0.00470147862302
joint,mechanism_lag_augmented,production_growth,military_conflict,17,413,1990-05-01,2024-09-01,-0.00273331552682,HC3,0.418882924686,0.00312452946603,0.381686717079,-0.00787270915154,0.0024060780979,-0.00885728074887,0.00339064969524,0.00291411518618,0.348266369376,-0.00752660846016,0.00205997740653,-0.00844487633854,0.00297824528491
joint,mechanism_lag_augmented,production_growth,diplomatic_tension,17,413,1990-05-01,2024-09-01,-0.00733744879938,HC3,0.418882924686,0.00987020045531,0.457243114365,-0.023572483817,0.00889758621827,-0.026682686212,0.0120077886132,0.00928062961068,0.429165934812,-0.0226027260749,0.00792782847614,-0.0255271485902,0.0108522509914
joint,mechanism_lag_augmented,production_growth,nuclear_threat,17,413,1990-05-01,2024-09-01,-0.000388342448211,HC3,0.418882924686,0.0017118897997,0.820540270392,-0.0032041505942,0.00242746569777,-0.00374358480113,0.00296689990471,0.00160843834172,0.809213586442,-0.00303398808831,0.00225730319189,-0.00354082366933,0.00276413877291
joint,mechanism_lag_augmented,production_growth,military_conflict,18,412,1990-05-01,2024-08-01,0.00210021212673,HC3,0.418971212664,0.00305525688497,0.491824811912,-0.00292523824178,0.00712566249523,-0.00388798133133,0.00808840558478,0.00288065654164,0.465956325794,-0.00263804623379,0.00683847048725,-0.00354577094672,0.00774619520017
joint,mechanism_lag_augmented,production_growth,diplomatic_tension,18,412,1990-05-01,2024-08-01,0.00142308812432,HC3,0.418971212664,0.00876107520126,0.870964850046,-0.0129875981965,0.0158337744451,-0.015748303736,0.0185944799846,0.00837854249289,0.865128790777,-0.0123583878837,0.0152045641323,-0.0149985534047,0.0178447296533
joint,mechanism_lag_augmented,production_growth,nuclear_threat,18,412,1990-05-01,2024-08-01,0.000198595950764,HC3,0.418971212664,0.00203724324494,0.922343080499,-0.00315237098966,0.00354956289119,-0.00379432743707,0.0041915193386,0.00195710327732,0.91917385011,-0.00302055247325,0.00341774437477,-0.0036372559868,0.00403444788833
joint,mechanism_lag_augmented,production_growth,military_conflict,19,411,1990-05-01,2024-07-01,9.26811129048e-05,HC3,0.419111956547,0.00216405016549,0.965838948539,-0.00346686465071,0.00365222687652,-0.0041487792722,0.00433414149801,0.0019902234366,0.962857381304,-0.00318094512523,0.00336630735104,-0.00380808514402,0.00399344736983
joint,mechanism_lag_augmented,production_growth,diplomatic_tension,19,411,1990-05-01,2024-07-01,-0.00139154105391,HC3,0.419111956547,0.00943572657243,0.882756502327,-0.0169119301295,0.0141288480217,-0.0198852253038,0.017102143196,0.00906083995945,0.877942887106,-0.0162952965244,0.0135122144166,-0.0191504610441,0.0163673789363
joint,mechanism_lag_augmented,production_growth,nuclear_threat,19,411,1990-05-01,2024-07-01,0.000241148728826,HC3,0.419111956547,0.00153490415552,0.87515818897,-0.00228354393841,0.00276584139606,-0.00276720813572,0.00324950559337,0.00147810242616,0.870402294122,-0.00219011340785,0.0026724108655,-0.00265587879191,0.00313817624956
joint,mechanism_lag_augmented,production_growth,military_conflict,20,410,1990-05-01,2024-06-01,-0.000656675783607,HC3,0.419830623894,0.00224194738253,0.769595385578,-0.00434435106719,0.00303099949998,-0.00505081190859,0.00373746034138,0.00212345900318,0.757132763836,-0.00414945502667,0.00283610345945,-0.00481857895249,0.00350522738527
joint,mechanism_lag_augmented,production_growth,diplomatic_tension,20,410,1990-05-01,2024-06-01,-0.00770681774945,HC3,0.419830623894,0.00549852078419,0.16102978121,-0.0167510796042,0.0013374441053,-0.0184837204547,0.00307008495581,0.00533032392862,0.14822091551,-0.0164744203963,0.00106078489737,-0.0181540606755,0.00274042517658
joint,mechanism_lag_augmented,production_growth,nuclear_threat,20,410,1990-05-01,2024-06-01,0.000627805079316,HC3,0.419830623894,0.00147659795626,0.670712788388,-0.00180098242459,0.00305659258322,-0.0022662737346,0.00352188389323,0.00143299772588,0.661309355333,-0.00172926642751,0.00298487658614,-0.00218081885333,0.00343642901196
joint,mechanism_lag_augmented,production_growth,military_conflict,21,409,1990-05-01,2024-05-01,0.00362797397824,HC3,0.420308874236,0.00267001547344,0.17421508365,-0.000763810657271,0.00801975861375,-0.00160516018788,0.00886110814435,0.00244673763019,0.13813283292,-0.000396551286976,0.00765249924345,-0.00116754365655,0.00842349161303
joint,mechanism_lag_augmented,production_growth,diplomatic_tension,21,409,1990-05-01,2024-05-01,0.0130213327174,HC3,0.420308874236,0.0116384785488,0.263218032069,-0.00612226093588,0.0321649263706,-0.00978966607319,0.0358323315079,0.0108590620426,0.230480778514,-0.00484023486868,0.0308829003034,-0.008262037792,0.0343047032268
joint,mechanism_lag_augmented,production_growth,nuclear_threat,21,409,1990-05-01,2024-05-01,0.00231632340514,HC3,0.420308874236,0.00192390046188,0.228600176326,-0.000848211247481,0.00548085805776,-0.00145445220999,0.00608709902027,0.00182715673171,0.204897906503,-0.000689081972019,0.0053217287823,-0.00126483798312,0.0058974847934
joint,mechanism_lag_augmented,production_growth,military_conflict,22,408,1990-05-01,2024-04-01,7.32807338423e-05,HC3,0.420311702267,0.00176841687402,0.966946234385,-0.00283550617536,0.00298206764304,-0.0033927526489,0.00353931411658,0.00164568119409,0.96448264133,-0.00263362394705,0.00278018541474,-0.0031521951366,0.00329875660428
joint,mechanism_lag_augmented,production_growth,diplomatic_tension,22,408,1990-05-01,2024-04-01,-0.000950221990716,HC3,0.420311702267,0.00639225417714,0.881828161861,-0.0114645444584,0.00956410047694,-0.0134788099579,0.0115783659765,0.00619243216627,0.878044273834,-0.0111358664991,0.00923542251762,-0.0130871660133,0.0111867220319
joint,mechanism_lag_augmented,production_growth,nuclear_threat,22,408,1990-05-01,2024-04-01,-0.0014862292969,HC3,0.420311702267,0.00138247138933,0.282351232627,-0.0037601923758,0.000787733782,-0.00419582342965,0.00122336483585,0.00133292297966,0.264843935784,-0.00367869249444,0.000706233900635,-0.0040987103312,0.00112625173739
joint,mechanism_lag_augmented,production_growth,military_conflict,23,407,1990-05-01,2024-03-01,-0.000466187853492,HC3,0.420992061948,0.00218668596372,0.83117581702,-0.00406296619191,0.00313059048493,-0.00475201358787,0.00381963788089,0.00209441240127,0.823857371248,-0.00391118968805,0.00297881398106,-0.00457116072875,0.00363878502176
joint,mechanism_lag_augmented,production_growth,diplomatic_tension,23,407,1990-05-01,2024-03-01,-0.00296178097815,HC3,0.420992061948,0.00387356372946,0.444501442267,-0.00933322632778,0.00340966437148,-0.0105538263797,0.00463026442341,0.00371512715258,0.425322130055,-0.00907262134965,0.00314905939336,-0.0102432963952,0.00431973443889
joint,mechanism_lag_augmented,production_growth,nuclear_threat,23,407,1990-05-01,2024-03-01,-0.00161904959396,HC3,0.420992061948,0.00138033233481,0.240819116355,-0.00388949424127,0.000651395053341,-0.00432445125688,0.00108635206895,0.00132416207984,0.221443991748,-0.00379710239365,0.000559003205727,-0.00421435958013,0.000976260392209
joint,mechanism_lag_augmented,production_growth,military_conflict,24,406,1990-05-01,2024-02-01,-0.00300597199703,HC3,0.422859771759,0.00207827888711,0.148071864941,-0.00642443656231,0.00041249256825,-0.0070793237656,0.00106737977154,0.00193564986991,0.120434520907,-0.00618983270607,0.000177888712007,-0.00679977602874,0.000787832034682
joint,mechanism_lag_augmented,production_growth,diplomatic_tension,24,406,1990-05-01,2024-02-01,-0.00585092833049,HC3,0.422859771759,0.00807981849617,0.468979138956,-0.019141047089,0.00743919042804,-0.0216870815846,0.00998522492362,0.00777890272775,0.451958798694,-0.0186460846959,0.00694422803496,-0.0210972975161,0.00939544085515
joint,mechanism_lag_augmented,production_growth,nuclear_threat,24,406,1990-05-01,2024-02-01,0.00150770372619,HC3,0.422859771759,0.00161021871047,0.349100864132,-0.00114087035991,0.00415627781228,-0.00164826695356,0.00466367440593,0.00153280634272,0.325300863018,-0.00101353834606,0.00402894579843,-0.00149654150082,0.0045119489532
joint,mechanism_lag_augmented,production_growth,military_conflict,25,405,1990-05-01,2024-01-01,0.0044239114726,HC3,0.42286188241,0.00230499184528,0.0549496362834,0.000632537275788,0.00821528566941,-9.37895288182e-05,0.00894161247402,0.00207825357406,0.0332817543404,0.00100548854358,0.00784233440162,0.000350609316699,0.0084972136285
joint,mechanism_lag_augmented,production_growth,diplomatic_tension,25,405,1990-05-01,2024-01-01,0.00566120497606,HC3,0.42286188241,0.00432205837269,0.190249965316,-0.00144794841416,0.0127703583663,-0.00280987377349,0.0141322837256,0.00417083879015,0.174676351673,-0.00119921433535,0.0125216242875,-0.00251348883796,0.0138358987901
joint,mechanism_lag_augmented,production_growth,nuclear_threat,25,405,1990-05-01,2024-01-01,6.45209990683e-05,HC3,0.42286188241,0.00221868931486,0.97680024258,-0.00358489816757,0.0037139401657,-0.00428403015095,0.00441307214909,0.00211915421362,0.9757108963,-0.00342117749527,0.00355021949341,-0.00408894493731,0.00421798693545
joint,mechanism_lag_augmented,production_growth,military_conflict,26,404,1990-05-01,2023-12-01,-0.00206570156002,HC3,0.423331890852,0.00277556915205,0.456728683269,-0.00663110654663,0.00249970342658,-0.00750571713465,0.0033743140146,0.00251048825297,0.410605464472,-0.00619508726834,0.00206368414829,-0.00698616811945,0.0028547649994
joint,mechanism_lag_augmented,production_growth,diplomatic_tension,26,404,1990-05-01,2023-12-01,-0.0101886047322,HC3,0.423331890852,0.00719749748842,0.156899681127,-0.022027434581,0.00165022511663,-0.0242954405883,0.00391823112395,0.00696731467395,0.143647205756,-0.0216488175437,0.00127160807939,-0.0238442905621,0.00346708109773
joint,mechanism_lag_augmented,production_growth,nuclear_threat,26,404,1990-05-01,2023-12-01,-0.00159510473649,HC3,0.423331890852,0.00242311279379,0.510353442222,-0.00558077060387,0.00239056113089,-0.0063443185428,0.00315410906982,0.00230409561015,0.488754578431,-0.00538500475768,0.0021947952847,-0.00611104914931,0.00292083967633
joint,mechanism_lag_augmented,production_growth,military_conflict,27,403,1990-05-01,2023-11-01,-0.00193143118971,HC3,0.423363059526,0.00218600827992,0.376943238113,-0.00552709483748,0.00166423245805,-0.00621592868826,0.00235306630883,0.00203734216431,0.343121753582,-0.00528256083802,0.00141969845859,-0.00592454845595,0.00206168607652
joint,mechanism_lag_augmented,production_growth,diplomatic_tension,27,403,1990-05-01,2023-11-01,-0.00313701504916,HC3,0.423363059526,0.00406089761385,0.439822481216,-0.00981659721798,0.00354256711965,-0.0110962281172,0.00482219801889,0.00387149711706,0.417776541661,-0.00950506112389,0.00323103102556,-0.0107250099648,0.00445097986652
joint,mechanism_lag_augmented,production_growth,nuclear_threat,27,403,1990-05-01,2023-11-01,0.00104406647718,HC3,0.423363059526,0.00268073153638,0.696927956429,-0.00336534451332,0.00545347746768,-0.00421007078635,0.00629820374071,0.00262401839951,0.6907124526,-0.00327205970445,0.0053601926588,-0.00409891508064,0.00618704803499
joint,mechanism_lag_augmented,production_growth,military_conflict,28,402,1990-05-01,2023-10-01,0.00210155531413,HC3,0.423570275358,0.00203263214327,0.301179018257,-0.00124182703898,0.00544493766724,-0.00188233048049,0.00608544110875,0.00184366912635,0.254337710843,-0.000931010535251,0.0051341211635,-0.00151196977293,0.00571508040118
joint,mechanism_lag_augmented,production_growth,diplomatic_tension,28,402,1990-05-01,2023-10-01,-0.00240207913133,HC3,0.423570275358,0.00370435946559,0.516696168035,-0.00849520823384,0.00369104997118,-0.00966249026968,0.00485833200702,0.00356159779614,0.500032491395,-0.00826038618406,0.0034562279214,-0.00938268253919,0.00457852427653
joint,mechanism_lag_augmented,production_growth,nuclear_threat,28,402,1990-05-01,2023-10-01,0.000112805188829,HC3,0.423570275358,0.00272905912455,0.967028968258,-0.00437609761034,0.004601707988,-0.00523605240696,0.00546166278462,0.00268995844323,0.966549987002,-0.00431178271286,0.00453739309052,-0.00515941647981,0.00538502685746
joint,mechanism_lag_augmented,production_growth,military_conflict,29,401,1990-05-01,2023-09-01,0.000348650524168,HC3,0.423621972666,0.00244023958453,0.886388484445,-0.00366518640708,0.00436248745542,-0.00443413117517,0.0051314322235,0.00214937695297,0.871140452761,-0.00318675995261,0.00388406100094,-0.00386405089285,0.00456135194119
joint,mechanism_lag_augmented,production_growth,diplomatic_tension,29,401,1990-05-01,2023-09-01,0.0043171703386,HC3,0.423621972666,0.00409752971156,0.292064632193,-0.002422666269,0.0110570069462,-0.00371384032164,0.0123481809988,0.00392068399698,0.270841461682,-0.00213178095396,0.0107661216312,-0.00336722909024,0.0120015697674
joint,mechanism_lag_augmented,production_growth,nuclear_threat,29,401,1990-05-01,2023-09-01,-0.00230192590281,HC3,0.423621972666,0.00163758640203,0.159818542725,-0.00499551583563,0.000391664030009,-0.00551153627236,0.000907684466734,0.00156080758548,0.140258244677,-0.00486922592076,0.000265374115136,-0.00536105255715,0.000757200751523
joint,mechanism_lag_augmented,production_growth,military_conflict,30,400,1990-05-01,2023-08-01,-0.000920268817507,HC3,0.425411303805,0.00251907996731,0.714872988125,-0.00506378663831,0.0032232490033,-0.00585757482761,0.00401703719259,0.00224006535511,0.681202834869,-0.00460484844146,0.00276431080645,-0.00531071623653,0.00347017860152
joint,mechanism_lag_augmented,production_growth,diplomatic_tension,30,400,1990-05-01,2023-08-01,0.00220703061638,HC3,0.425411303805,0.00418309595908,0.597772148992,-0.0046735499438,0.00908761117655,-0.00599168680729,0.01040574804,0.00395245947611,0.576575203281,-0.00429418668828,0.00870824792103,-0.00553964760715,0.0099537088399
joint,mechanism_lag_augmented,production_growth,nuclear_threat,30,400,1990-05-01,2023-08-01,-0.00174953944725,HC3,0.425411303805,0.00297980511779,0.557114942812,-0.00665088270286,0.00315180380836,-0.00758985015908,0.00409077126457,0.00286864867921,0.541939456633,-0.0064680466317,0.0029689677372,-0.00737198754281,0.0038729086483
joint,mechanism_lag_augmented,production_growth,military_conflict,31,399,1990-05-01,2023-07-01,-0.00155898384969,HC3,0.425728182819,0.00208833626843,0.455353626808,-0.0049939913351,0.00187602363573,-0.00565204772341,0.00253408002404,0.00192375846219,0.417719280167,-0.0047232849336,0.00160531723422,-0.00532948115053,0.00221151345116
joint,mechanism_lag_augmented,production_growth,diplomatic_tension,31,399,1990-05-01,2023-07-01,-0.00332272439354,HC3,0.425728182819,0.00430332599296,0.440037807858,-0.010401065761,0.00375561697393,-0.0117570883535,0.00511163956639,0.00412483357839,0.420507301075,-0.0101074718655,0.00346202307845,-0.0114072496494,0.00476180086233
joint,mechanism_lag_augmented,production_growth,nuclear_threat,31,399,1990-05-01,2023-07-01,0.000582088505476,HC3,0.425728182819,0.00183553318912,0.751150805048,-0.00243709491804,0.00360127192899,-0.00301549043763,0.00417966744858,0.00173733104088,0.737589218779,-0.00227556675834,0.00343974376929,-0.00282301776388,0.00398719477483
joint,mechanism_lag_augmented,production_growth,military_conflict,32,398,1990-05-01,2023-06-01,0.00110384007734,HC3,0.426549481119,0.00202049140138,0.584844216859,-0.00221957253245,0.00442725268713,-0.00285625030045,0.00506393045512,0.00178786491471,0.536966393103,-0.00183693601213,0.0040446161668,-0.00240031076472,0.0046079909194
joint,mechanism_lag_augmented,production_growth,diplomatic_tension,32,398,1990-05-01,2023-06-01,0.001634227598,HC3,0.426549481119,0.00408547532918,0.689149762263,-0.00508578131503,0.00835423651102,-0.00637315690692,0.00964161210292,0.00387566936879,0.673270784046,-0.00474068122011,0.00800913641611,-0.0059619447808,0.0092303999768
joint,mechanism_lag_augmented,production_growth,nuclear_threat,32,398,1990-05-01,2023-06-01,0.00541602976907,HC3,0.426549481119,0.00474211384111,0.253407060904,-0.00238405338189,0.01321611292,-0.00387834257008,0.0147104021082,0.00443762108908,0.222282797501,-0.00188320737433,0.0127152669125,-0.00328154774255,0.0141136072807
joint,mechanism_lag_augmented,production_growth,military_conflict,33,397,1990-05-01,2023-05-01,0.00208077179083,HC3,0.428395175526,0.00183527015365,0.25689159851,-0.00093797897784,0.00509952255951,-0.00151629161223,0.0056778351939,0.00167654636,0.214566583624,-0.000676901570161,0.00483844515183,-0.00120519869317,0.00536674227484
joint,mechanism_lag_augmented,production_growth,diplomatic_tension,33,397,1990-05-01,2023-05-01,0.00641596713165,HC3,0.428395175526,0.0057709809632,0.266239764449,-0.00307645183674,0.0159083861,-0.00489494771169,0.017726881975,0.00528755433085,0.224973406219,-0.00228128578715,0.0151132200504,-0.00394744892311,0.0167793831864
joint,mechanism_lag_augmented,production_growth,nuclear_threat,33,397,1990-05-01,2023-05-01,-0.0079699172203,HC3,0.428395175526,0.00683951108431,0.243907343784,-0.0192199118339,0.00328007739329,-0.0213751126174,0.0054352781768,0.00613550485488,0.193949723219,-0.018061924634,0.00212209019343,-0.0199952857628,0.00405545132224
joint,mechanism_lag_augmented,production_growth,military_conflict,34,396,1990-05-01,2023-04-01,-0.00135402077637,HC3,0.428470225952,0.00164484192192,0.410398795047,-0.00405954497739,0.00135150342466,-0.00457785170359,0.00186981015085,0.00152949161789,0.376008300399,-0.00386981061145,0.00116176905872,-0.00435176926209,0.00164372770936
joint,mechanism_lag_augmented,production_growth,diplomatic_tension,34,396,1990-05-01,2023-04-01,0.00229158263267,HC3,0.428470225952,0.00384728534551,0.551418251603,-0.00403663862181,0.00861980388715,-0.00524895808278,0.00983212334812,0.00370527465427,0.536268872372,-0.00380305182126,0.0083862170866,-0.00497062224253,0.00955378750787
joint,mechanism_lag_augmented,production_growth,nuclear_threat,34,396,1990-05-01,2023-04-01,-0.00277576714803,HC3,0.428470225952,0.0029245408902,0.342554906178,-0.00758620883844,0.00203467454238,-0.00850776196414,0.00295622766807,0.00282137617864,0.325196906101,-0.00741651798846,0.00186498369239,-0.008305562845,0.00275402854893
joint,mechanism_lag_augmented,production_growth,military_conflict,35,395,1990-05-01,2023-03-01,-0.00169728105308,HC3,0.42864485674,0.00250386717187,0.497858019543,-0.00581577605213,0.00242121394597,-0.00660477053201,0.00321020842585,0.00219164059612,0.438674167788,-0.00530220903659,0.00190764693043,-0.00599281768854,0.00259825558238
joint,mechanism_lag_augmented,production_growth,diplomatic_tension,35,395,1990-05-01,2023-03-01,-0.00270254301076,HC3,0.42864485674,0.00427294895143,0.527075068334,-0.0097309185913,0.00432583256978,-0.0110773690633,0.00567228304183,0.00405126871738,0.504717459583,-0.00936628705429,0.00396120103277,-0.0106428837885,0.00523779776699
joint,mechanism_lag_augmented,production_growth,nuclear_threat,35,395,1990-05-01,2023-03-01,-0.000502713206687,HC3,0.42864485674,0.00195224817966,0.796789138171,-0.00371387570571,0.00270844929234,-0.0043290493277,0.00332362291433,0.00182891401444,0.783416279398,-0.00351100905671,0.00250558264334,-0.0040873188058,0.00308189239243
joint,mechanism_lag_augmented,production_growth,military_conflict,36,394,1990-05-01,2023-02-01,0.00359830086967,HC3,0.428646975729,0.00260891765044,0.167823452011,-0.000692986790072,0.00788958852942,-0.00151508376382,0.00871168550317,0.00230960438324,0.119239689744,-0.000200660276928,0.00739726201627,-0.00092844054002,0.00812504227937
joint,mechanism_lag_augmented,production_growth,diplomatic_tension,36,394,1990-05-01,2023-02-01,-0.000251825254996,HC3,0.428646975729,0.00663009284023,0.969701905069,-0.0111573575103,0.0106537070003,-0.013246568436,0.012742917926,0.00633446463982,0.968288627181,-0.0106710923926,0.0101674418826,-0.0126671478104,0.0121634973004
joint,mechanism_lag_augmented,production_growth,nuclear_threat,36,394,1990-05-01,2023-02-01,0.00411053626691,HC3,0.428646975729,0.00357512309901,0.25024241943,-0.0017700179293,0.00999109046312,-0.00289657624745,0.0111176487813,0.00340040433507,0.226725282482,-0.00148263113672,0.00970370367055,-0.00255413376269,0.0107752062965
joint,mechanism_lag_augmented,production_growth,military_conflict,37,393,1990-05-01,2023-01-01,-0.0013326750757,HC3,0.429838634037,0.00326817649976,0.683440126612,-0.00670834704485,0.00404299689346,-0.00773818331036,0.00507283315896,0.00298152044532,0.65489069506,-0.006236839794,0.00357148964261,-0.00717634776769,0.00451099761629
joint,mechanism_lag_augmented,production_growth,diplomatic_tension,37,393,1990-05-01,2023-01-01,0.00215440969026,HC3,0.429838634037,0.00439798823174,0.624231171537,-0.00507963720402,0.00938845658453,-0.00646548884839,0.0107743082289,0.00418410919161,0.606620918786,-0.00472783748913,0.00903665686964,-0.00604629363269,0.0103551130132
joint,mechanism_lag_augmented,production_growth,nuclear_threat,37,393,1990-05-01,2023-01-01,-0.00628222631491,HC3,0.429838634037,0.00389595367497,0.106853123339,-0.0126904998476,0.000126047217793,-0.0139181552033,0.00135370257346,0.00371166350621,0.0905385764204,-0.0123873694951,-0.000177083134691,-0.0135569531098,0.00099250048
joint,mechanism_lag_augmented,production_growth,military_conflict,38,392,1990-05-01,2022-12-01,-0.000497008592456,HC3,0.429947620129,0.00208087646212,0.811225158581,-0.00391974578841,0.0029257286035,-0.00457545151449,0.00358143432958,0.0018517754175,0.788394735308,-0.00354290810423,0.00254889091931,-0.00412642171821,0.0031324045333
joint,mechanism_lag_augmented,production_growth,diplomatic_tension,38,392,1990-05-01,2022-12-01,0.00564065685249,HC3,0.429947620129,0.00722650537853,0.435066551299,-0.00624588672956,0.0175272004345,-0.00852303342351,0.0198043471285,0.00692286059621,0.415194240528,-0.00574643550807,0.017027749213,-0.00792790058607,0.0192092142911
joint,mechanism_lag_augmented,production_growth,nuclear_threat,38,392,1990-05-01,2022-12-01,0.000131346649717,HC3,0.429947620129,0.00261537196355,0.959946260532,-0.00417055741035,0.00443325070978,-0.00499468820501,0.00525738150444,0.00244757548706,0.957202878708,-0.00389455676741,0.00415725006684,-0.00466581315436,0.00492850645379
joint,mechanism_lag_augmented,production_growth,military_conflict,39,391,1990-05-01,2022-11-01,-0.0016328310475,HC3,0.429979586109,0.00170171792063,0.337297243198,-0.0044319079413,0.0011662458463,-0.00496813688378,0.00170247478879,0.00156704089296,0.29741924212,-0.00421038394386,0.00094472184887,-0.00470417476,0.00143851266501
joint,mechanism_lag_augmented,production_growth,diplomatic_tension,39,391,1990-05-01,2022-11-01,-0.00340157530685,HC3,0.429979586109,0.00390442552687,0.383639396806,-0.00982378379588,0.00302063318218,-0.0110541087198,0.00425095810613,0.00375482549679,0.364977662888,-0.00957771364381,0.00277456303011,-0.0107608980488,0.00395774743509
joint,mechanism_lag_augmented,production_growth,nuclear_threat,39,391,1990-05-01,2022-11-01,0.000496124623256,HC3,0.429979586109,0.00178374292864,0.780907316047,-0.00243787140247,0.00343012064898,-0.00299994727456,0.00399219652107,0.00167088281982,0.766524800955,-0.00225223304313,0.00324448228964,-0.00277874552597,0.00377099477249
joint,mechanism_lag_augmented,production_growth,military_conflict,40,390,1990-05-01,2022-10-01,0.000213231400458,HC3,0.430628074879,0.00195946536234,0.913344297023,-0.00300980230768,0.00343626510859,-0.00362725013869,0.0040537129396,0.00181157370175,0.906301353331,-0.00276654217336,0.00319300497428,-0.00333738781032,0.00376385061124
joint,mechanism_lag_augmented,production_growth,diplomatic_tension,40,390,1990-05-01,2022-10-01,-0.00402097292866,HC3,0.430628074879,0.0047409327445,0.396360215124,-0.0118191133486,0.00377716749127,-0.013313030361,0.00527108450369,0.00456951015467,0.378882547211,-0.01153714828,0.00349520242263,-0.0129770482588,0.00493510240147
joint,mechanism_lag_augmented,production_growth,nuclear_threat,40,390,1990-05-01,2022-10-01,0.000213620056212,HC3,0.430628074879,0.00150675093405,0.887257499684,-0.00226476468257,0.00269200479499,-0.00273955750819,0.00316679762061,0.00142969655184,0.881225102378,-0.00213802150252,0.00256526161495,-0.00258853369421,0.00301577380664
joint,mechanism_lag_augmented,production_growth,military_conflict,41,389,1990-05-01,2022-09-01,0.00325428583738,HC3,0.431251812514,0.00213226997908,0.126958265909,-0.000252986171359,0.00676155784611,-0.000924886526944,0.0074334582017,0.00190975125612,0.0883742693296,0.000113024557175,0.00639554711758,-0.000488757844046,0.0069973295188
joint,mechanism_lag_augmented,production_growth,diplomatic_tension,41,389,1990-05-01,2022-09-01,-0.00337876362495,HC3,0.431251812514,0.00676345268357,0.617383554239,-0.0145036533022,0.00774612605233,-0.0166348872959,0.00987736004598,0.0065040595742,0.603422330644,-0.0140769896055,0.00731946235558,-0.0161264861437,0.00936895889378
joint,mechanism_lag_augmented,production_growth,nuclear_threat,41,389,1990-05-01,2022-09-01,-0.000772404669107,HC3,0.431251812514,0.00191234039747,0.686282263759,-0.00391792470786,0.00237311536964,-0.00452052297434,0.00297571363612,0.00182173694549,0.671570535483,-0.00376889529125,0.00222408595304,-0.00434294347158,0.00279813413336
joint,mechanism_lag_augmented,production_growth,military_conflict,42,388,1990-05-01,2022-08-01,0.000862743994232,HC3,0.432120107336,0.00252541807066,0.732633703091,-0.00329119907886,0.00501668706732,-0.00408698447016,0.00581247245863,0.00224436110997,0.700678175777,-0.00282890151769,0.00455438950615,-0.00353612294961,0.00526161093807
joint,mechanism_lag_augmented,production_growth,diplomatic_tension,42,388,1990-05-01,2022-08-01,-0.00669860538893,HC3,0.432120107336,0.0054310773298,0.217432428047,-0.0156319326331,0.00223472185525,-0.0173433213526,0.00394611057473,0.00520655726707,0.198243870477,-0.0152626299936,0.00186541921574,-0.0169032701158,0.00350605933797
joint,mechanism_lag_augmented,production_growth,nuclear_threat,42,388,1990-05-01,2022-08-01,-0.00135476339612,HC3,0.432120107336,0.00254096471039,0.593916657833,-0.00553427841595,0.00282475162372,-0.00633496271446,0.00362543592223,0.00237451358349,0.568309096981,-0.00526049067617,0.00255096388394,-0.00600872450057,0.00329919770833
joint,mechanism_lag_augmented,production_growth,military_conflict,43,387,1990-05-01,2022-07-01,-0.0011410170874,HC3,0.43255907729,0.00238673034564,0.632602497534,-0.00506683915297,0.00278480497818,-0.00581892260565,0.00353688843086,0.0021227582784,0.59091105745,-0.00463264374076,0.00235060956597,-0.00530154686094,0.00301951268615
joint,mechanism_lag_augmented,production_growth,diplomatic_tension,43,387,1990-05-01,2022-07-01,0.00445476696827,HC3,0.43255907729,0.00342341676705,0.193168307893,-0.00117625251757,0.0100857864541,-0.00225500659921,0.0111645405358,0.00324368910611,0.169639107959,-0.000880626822618,0.00979016075916,-0.00190274685675,0.0108122807933
joint,mechanism_lag_augmented,production_growth,nuclear_threat,43,387,1990-05-01,2022-07-01,0.00411587784978,HC3,0.43255907729,0.00262521196143,0.11692154251,-0.000202211566485,0.00843396726605,-0.0010294430464,0.00926119874596,0.00252606131614,0.103235609879,-3.91232679644e-05,0.00827087896753,-0.000835111352582,0.00906686705215
joint,mechanism_lag_augmented,production_growth,military_conflict,44,386,1990-05-01,2022-06-01,-5.24458916452e-05,HC3,0.433476334971,0.00248681332603,0.98317418319,-0.00414288981052,0.00403799802723,-0.00492651044695,0.00482161866366,0.00231212354382,0.981903138694,-0.00385555068866,0.00375065890537,-0.00458412476534,0.00447923298205
joint,mechanism_lag_augmented,production_growth,diplomatic_tension,44,386,1990-05-01,2022-06-01,0.00529787845876,HC3,0.433476334971,0.00377129927451,0.160084131809,-0.000905356831229,0.0115011137488,-0.00209373229419,0.0126894892117,0.00360523563558,0.141698372629,-0.000632206452436,0.01122796337,-0.00176825354275,0.0123640104603
joint,mechanism_lag_augmented,production_growth,nuclear_threat,44,386,1990-05-01,2022-06-01,-0.00380845097979,HC3,0.433476334971,0.00335659213175,0.256535267034,-0.00932955372189,0.00171265176231,-0.0103872506688,0.00277034870922,0.00327106662392,0.244308883127,-0.00918887678015,0.00157197482057,-0.0102196237537,0.00260272179413
joint,mechanism_lag_augmented,production_growth,military_conflict,45,385,1990-05-01,2022-05-01,0.000305828614797,HC3,0.434453104543,0.00276212987675,0.911836779503,-0.00423747073109,0.00484912796068,-0.00510784646426,0.00571950369385,0.00235232727691,0.896557658838,-0.00356340543841,0.004175062668,-0.0043046481278,0.00491630535739
joint,mechanism_lag_augmented,production_growth,diplomatic_tension,45,385,1990-05-01,2022-05-01,0.000996837293545,HC3,0.434453104543,0.00463021631412,0.829541558509,-0.00661919080431,0.0086128653914,-0.00807821992277,0.0100718945099,0.00438021324495,0.819974835188,-0.00620797234924,0.00820164693633,-0.00758822291117,0.00958189749826
joint,mechanism_lag_augmented,production_growth,nuclear_threat,45,385,1990-05-01,2022-05-01,0.00161931313809,HC3,0.434453104543,0.00163846662815,0.323000794194,-0.00107572463786,0.00431435091403,-0.00159202244295,0.00483064871912,0.00156764101636,0.301621819898,-0.00095922687343,0.00419785314961,-0.00145320679467,0.00469183307084
joint,mechanism_lag_augmented,production_growth,military_conflict,46,384,1990-05-01,2022-04-01,-0.000994711285045,HC3,0.434693489689,0.00280594991319,0.722963659057,-0.00561008817679,0.0036206656067,-0.00649427205731,0.00450484948722,0.00240394353252,0.679032938107,-0.00494884652349,0.0029594239534,-0.00570635402965,0.00371693145956
joint,mechanism_lag_augmented,production_growth,diplomatic_tension,46,384,1990-05-01,2022-04-01,0.00259271305132,HC3,0.434693489689,0.00358244608755,0.469233337968,-0.00329988638914,0.00848531249178,-0.00442875225683,0.00961417835947,0.00325755201878,0.426085272065,-0.00276548320176,0.0079509093044,-0.00379197158326,0.0089773976859
joint,mechanism_lag_augmented,production_growth,nuclear_threat,46,384,1990-05-01,2022-04-01,-0.000831656555288,HC3,0.434693489689,0.00213312254313,0.696627107768,-0.00434033090708,0.00267701779651,-0.00501249991443,0.00334918680385,0.00204818646137,0.684709291227,-0.00420062348494,0.00253731037437,-0.00484602825319,0.00318271514262
joint,mechanism_lag_augmented,production_growth,military_conflict,47,383,1990-05-01,2022-03-01,0.00251586933582,HC3,0.437294445727,0.00224422114673,0.262269383263,-0.00117554595705,0.0062072846287,-0.0018827232851,0.00691446195675,0.00204734255384,0.219129435928,-0.000851709489473,0.00588344816112,-0.00149684833372,0.00652858700537
joint,mechanism_lag_augmented,production_growth,diplomatic_tension,47,383,1990-05-01,2022-03-01,0.00438436263896,HC3,0.437294445727,0.00383128781935,0.252475439788,-0.0019175450266,0.0106862703045,-0.00312482350138,0.0118935487793,0.00366133704595,0.231121140593,-0.00163800088057,0.0104067261585,-0.00279172610637,0.0115604513843
joint,mechanism_lag_augmented,production_growth,nuclear_threat,47,383,1990-05-01,2022-03-01,0.00115226057137,HC3,0.437294445727,0.00200008802356,0.564544259177,-0.00213759146841,0.00444211261115,-0.00276783992072,0.00507236106346,0.00189554806803,0.543268880653,-0.00196563854339,0.00427015968612,-0.00256294537293,0.00486746651567
joint,mechanism_lag_augmented,production_growth,military_conflict,48,382,1990-05-01,2022-02-01,-0.00277755170035,HC3,0.437413065319,0.00233389647206,0.234010203922,-0.00661646977734,0.00106136637664,-0.00735190472923,0.00179680132852,0.00212536365506,0.19126043037,-0.00627346381697,0.000718360416263,-0.00694318791832,0.00138808451761
joint,mechanism_lag_augmented,production_growth,diplomatic_tension,48,382,1990-05-01,2022-02-01,-0.00184351814968,HC3,0.437413065319,0.0040591065086,0.649707582513,-0.00852015421253,0.00483311791317,-0.00979922071594,0.00611218441658,0.00394259959894,0.640078179742,-0.00832851739961,0.00464148110025,-0.00957087136905,0.0058838350697
joint,mechanism_lag_augmented,production_growth,nuclear_threat,48,382,1990-05-01,2022-02-01,-0.0023210800074,HC3,0.437413065319,0.00171172222309,0.175102017057,-0.00513661251439,0.000494452499588,-0.0056759939162,0.0010338339014,0.00163302873214,0.155219550676,-0.00500717324037,0.000365013225573,-0.00552175750811,0.000879597493309
