model,specification,outcome,event,horizon,n,origin_start,origin_end,beta,primary_covariance,maximum_leverage,hc3_se,hc3_p,hc3_90_low,hc3_90_high,hc3_95_low,hc3_95_high,hc1_se,hc1_p,hc1_90_low,hc1_90_high,hc1_95_low,hc1_95_high,interpretation
single,pre_2008,lwti,military_conflict,0,213,1990-04-01,2007-12-01,0.0739602626621,HC3,0.380030276118,0.0436004561576,0.089825568931,0.00224389421455,0.14567663111,-0.0114950611163,0.15941558644,0.0350645069322,0.0349218975104,0.0162842812574,0.131636244067,0.00523509193938,0.142685433385,Descriptive origin-month split; no independent-subsample difference test
single,post_2008,lwti,military_conflict,0,219,2008-01-01,2026-03-01,0.0809075899504,HC3,0.662714810338,0.03930295866,0.0395361850227,0.0162599758485,0.145555204052,0.00387520649081,0.15793997341,0.0325401170497,0.0129044581457,0.0273838603997,0.134431319501,0.0171301324802,0.14468504742,Descriptive origin-month split; no independent-subsample difference test
single,pre_2012,lwti,military_conflict,0,261,1990-04-01,2011-12-01,0.0720235296414,HC3,0.322527387514,0.036873925752,0.0507914752436,0.0113713191283,0.132675740154,-0.0002480368011,0.144295096084,0.03063848554,0.0187354366965,0.0216277055766,0.122419353706,0.0119732014421,0.132073857841,Descriptive origin-month split; no independent-subsample difference test
single,post_2012,lwti,military_conflict,0,171,2012-01-01,2026-03-01,0.0855716519953,HC3,0.71513117293,0.0434417072691,0.0488608294062,0.0141164022327,0.157026901758,0.000427470320845,0.17071583367,0.036095832709,0.017755418242,0.026199290646,0.144944013345,0.0148251198936,0.156318184097,Descriptive origin-month split; no independent-subsample difference test
single,pre_2019,lwti,military_conflict,0,345,1990-04-01,2018-12-01,0.069014994822,HC3,0.258472400853,0.031585230196,0.0288859058939,0.017061914376,0.120968075268,0.00710908119442,0.13092090845,0.026933524623,0.010394561329,0.0247132891593,0.113316700485,0.0162262565843,0.12180373306,Descriptive origin-month split; no independent-subsample difference test
single,post_2019,lwti,military_conflict,0,87,2019-01-01,2026-03-01,0.0856399860226,HC3,0.843715412515,0.0504870663674,0.0898336720134,0.00259615179401,0.168683820251,-0.0133128457426,0.184592817788,0.0428422595387,0.0456126241344,0.0151707400336,0.156109232012,0.00167070031048,0.169609271735,Descriptive origin-month split; no independent-subsample difference test
single,pre_2008,lwti,military_conflict,12,213,1990-04-01,2007-12-01,0.133959698774,HC3,0.380030276118,0.094873065494,0.157953281107,-0.0220926071042,0.290012004651,-0.0519880926976,0.319907490245,0.0749792681978,0.0739984122331,0.0106297775322,0.257289620015,-0.0129969664813,0.280916364029,Descriptive origin-month split; no independent-subsample difference test
single,post_2008,lwti,military_conflict,12,212,2008-01-01,2025-08-01,-0.00918955666412,HC3,0.673715916275,0.0464367687262,0.84312801965,-0.0855712441272,0.067192130799,-0.100203950926,0.0818248375976,0.0433476139119,0.832109508731,-0.0804900366267,0.0621109232985,-0.0941493187471,0.0757702054189,Descriptive origin-month split; no independent-subsample difference test
single,pre_2012,lwti,military_conflict,12,261,1990-04-01,2011-12-01,0.11737758684,HC3,0.322527387514,0.0778384481992,0.13156371095,-0.0106552669966,0.245410440677,-0.0351829682428,0.269938141923,0.0640624226463,0.0669160122377,0.0120042785991,0.222750895081,-0.00818245430899,0.242937627989,Descriptive origin-month split; no independent-subsample difference test
single,post_2012,lwti,military_conflict,12,164,2012-01-01,2025-08-01,-0.0330430651623,HC3,0.726490579479,0.0518064828752,0.523592690403,-0.118257146419,0.0521710160945,-0.134581905763,0.0684957754388,0.0480374094767,0.491540257229,-0.112057572369,0.0459714420448,-0.127194657647,0.0611085273227,Descriptive origin-month split; no independent-subsample difference test
single,pre_2019,lwti,military_conflict,12,345,1990-04-01,2018-12-01,0.0945692757212,HC3,0.258472400853,0.0748744511084,0.206575529653,-0.0285882367504,0.217726788193,-0.0521819518134,0.241320503256,0.0630823927217,0.133837573513,-0.00919202674382,0.198330578186,-0.0290699420719,0.218208493514,Descriptive origin-month split; no independent-subsample difference test
single,post_2019,lwti,military_conflict,12,80,2019-01-01,2025-08-01,-0.00642846763243,HC3,0.850944473898,0.0857044416386,0.940208821379,-0.147399729307,0.134542794043,-0.174406086559,0.161549151294,0.070291433793,0.92713146179,-0.12204758745,0.109190652186,-0.144197146288,0.131340211023,Descriptive origin-month split; no independent-subsample difference test
single,pre_2008,lwti,military_conflict,24,213,1990-04-01,2007-12-01,0.130992176138,HC3,0.380030276118,0.0697071419121,0.0602200973448,0.0163341309396,0.245650221337,-0.00563131147483,0.267615663751,0.0580098184347,0.0239392052387,0.035574515887,0.226409836389,0.0172950212564,0.24468933102,Descriptive origin-month split; no independent-subsample difference test
single,post_2008,lwti,military_conflict,24,200,2008-01-01,2024-08-01,0.0170909746929,HC3,0.681989770087,0.0771343357703,0.824645409544,-0.109783717261,0.143965666647,-0.134089545388,0.168271494774,0.0643417011465,0.790525512065,-0.0887417058022,0.122923655188,-0.109016442258,0.143198391644,Descriptive origin-month split; no independent-subsample difference test
single,pre_2012,lwti,military_conflict,24,261,1990-04-01,2011-12-01,0.108103123994,HC3,0.322527387514,0.0539763542972,0.0452001890391,0.0193199218587,0.196886326129,0.00231141355477,0.213894834433,0.0478847318693,0.0239724939657,0.0293397491033,0.186866498885,0.0142507741209,0.201955473867,Descriptive origin-month split; no independent-subsample difference test
single,post_2012,lwti,military_conflict,24,152,2012-01-01,2024-08-01,-0.000558052406371,HC3,0.735137301895,0.0953228903603,0.995328940886,-0.157350254347,0.156234149534,-0.187387484415,0.186271379602,0.0747516704312,0.994043514202,-0.123513608636,0.122397503823,-0.147068634236,0.145952529423,Descriptive origin-month split; no independent-subsample difference test
single,pre_2019,lwti,military_conflict,24,345,1990-04-01,2018-12-01,0.106531980605,HC3,0.258472400853,0.092893466051,0.251456484928,-0.0462641739489,0.259328135159,-0.0755358672539,0.288599828464,0.0795260466994,0.180379970443,-0.0242767257455,0.237340686956,-0.0493362067586,0.262400167969,Descriptive origin-month split; no independent-subsample difference test
single,post_2019,lwti,military_conflict,24,68,2019-01-01,2024-08-01,0.0419746999787,HC3,0.864632094317,0.0872578681321,0.630486643941,-0.101551720898,0.185501120856,-0.129047578928,0.212996978885,0.0735902737113,0.568417414599,-0.0790705286437,0.163019928601,-0.102259586108,0.186208986065,Descriptive origin-month split; no independent-subsample difference test
single,pre_2008,lwti,military_conflict,48,213,1990-04-01,2007-12-01,0.0737862958311,HC3,0.380030276118,0.0606198200303,0.223529065846,-0.025924435011,0.173497026673,-0.0450263681777,0.19259895984,0.0513208568485,0.150506472457,-0.0106290016944,0.158201593357,-0.0268007352476,0.17437332691,Descriptive origin-month split; no independent-subsample difference test
single,post_2008,lwti,military_conflict,48,176,2008-01-01,2022-08-01,-0.00255221865003,HC3,0.701767259078,0.107269722058,0.981018094323,-0.17899521004,0.17389077274,-0.212797010516,0.207692573216,0.0658275950958,0.969072760669,-0.110828977197,0.105724539897,-0.131571934227,0.126467496927,Descriptive origin-month split; no independent-subsample difference test
single,pre_2012,lwti,military_conflict,48,261,1990-04-01,2011-12-01,0.0856686434773,HC3,0.322527387514,0.0592597336568,0.148276297036,-0.0118049443603,0.183142231315,-0.0304783002234,0.201815587178,0.0543237182827,0.114794933164,-0.00368592156958,0.175023208524,-0.0208038878632,0.192141174818,Descriptive origin-month split; no independent-subsample difference test
single,post_2012,lwti,military_conflict,48,128,2012-01-01,2022-08-01,-0.106810193838,HC3,0.75666392746,0.0985224648026,0.278311509407,-0.268865227405,0.0552448397285,-0.299910676519,0.0862902888429,0.063545840415,0.0927945977939,-0.211333799923,-0.00228658775392,-0.231357752419,0.0177373647425,Descriptive origin-month split; no independent-subsample difference test
single,pre_2019,lwti,military_conflict,48,345,1990-04-01,2018-12-01,0.0945733477382,HC3,0.258472400853,0.106746608049,0.37563846192,-0.0810091976759,0.270155893152,-0.11464615951,0.303792854986,0.0893750170681,0.289981077565,-0.0524354732451,0.241582168722,-0.0805984668329,0.269745162309,Descriptive origin-month split; no independent-subsample difference test
single,post_2019,lwti,military_conflict,48,44,2019-01-01,2022-08-01,0.00417548491588,HC3,0.884013235941,0.0977476278358,0.965927131996,-0.156605055256,0.164956025088,-0.187406345217,0.195757315048,0.0499497140468,0.933379420288,-0.0779844833992,0.086335453231,-0.093724155654,0.102075125486,Descriptive origin-month split; no independent-subsample difference test
single,pre_2008,lwti,diplomatic_tension,0,213,1990-04-01,2007-12-01,-0.0511995451133,HC3,0.361031527374,0.0302307915561,0.0903370627396,-0.10092477225,-0.00147431797656,-0.110450807787,0.00805171756088,0.0289664216818,0.0771364723424,-0.0988450688764,-0.00355402135013,-0.107972688371,0.0055735981441,Descriptive origin-month split; no independent-subsample difference test
single,post_2008,lwti,diplomatic_tension,0,219,2008-01-01,2026-03-01,0.0108558929831,HC3,0.671792276232,0.0465635357015,0.81565152325,-0.0657343075991,0.0874460935653,-0.0804069599846,0.102118745951,0.0424090174844,0.797965685458,-0.0589007332416,0.0806125192078,-0.0722642539061,0.0939760398723,Descriptive origin-month split; no independent-subsample difference test
single,pre_2012,lwti,diplomatic_tension,0,261,1990-04-01,2011-12-01,-0.0300154732995,HC3,0.308098010489,0.0297279576448,0.312652673617,-0.0789136122534,0.0188826656543,-0.0882811996172,0.0282502530182,0.0286860104613,0.295401620332,-0.0771997616496,0.0171688150505,-0.0862390206638,0.0262080740648,Descriptive origin-month split; no independent-subsample difference test
single,post_2012,lwti,diplomatic_tension,0,171,2012-01-01,2026-03-01,0.0057597390683,HC3,0.726966677621,0.0547074279394,0.916151586604,-0.084225972199,0.0957454503356,-0.10146484938,0.112984327516,0.0483172777002,0.905111666868,-0.0737151104013,0.0852345885379,-0.0889403850551,0.100459863192,Descriptive origin-month split; no independent-subsample difference test
single,pre_2019,lwti,diplomatic_tension,0,345,1990-04-01,2018-12-01,-0.0101446282273,HC3,0.255534160391,0.0302583296571,0.73742346497,-0.0599151515092,0.0396258950546,-0.0694498645875,0.0491606081329,0.0291664800079,0.727976832467,-0.0581192186536,0.037829962199,-0.0673098785985,0.0470206221439,Descriptive origin-month split; no independent-subsample difference test
single,post_2019,lwti,diplomatic_tension,0,87,2019-01-01,2026-03-01,-0.0333918061297,HC3,0.836554934938,0.0747537050593,0.655098191932,-0.156350709024,0.0895670967651,-0.179906375757,0.113122763497,0.0605347332005,0.58121284465,-0.132962581591,0.0661789693317,-0.152037703016,0.085254090757,Descriptive origin-month split; no independent-subsample difference test
single,pre_2008,lwti,diplomatic_tension,12,213,1990-04-01,2007-12-01,-0.159565888282,HC3,0.361031527374,0.111710679857,0.153180999967,-0.343313605215,0.02418182865,-0.378514797491,0.0593830209263,0.107837939292,0.138958055742,-0.33694351385,0.0178117372849,-0.370924365462,0.0517925888968,Descriptive origin-month split; no independent-subsample difference test
single,post_2008,lwti,diplomatic_tension,12,212,2008-01-01,2025-08-01,-0.0799026404504,HC3,0.685898295809,0.0852637472294,0.348695159904,-0.220149024328,0.0603437434274,-0.247016514207,0.0872112333062,0.0822527491233,0.331335088818,-0.215196373173,0.0553910922717,-0.241115066361,0.0813097854606,Descriptive origin-month split; no independent-subsample difference test
single,pre_2012,lwti,diplomatic_tension,12,261,1990-04-01,2011-12-01,-0.0972816993537,HC3,0.308098010489,0.0942060476467,0.301768593627,-0.252236858506,0.0576734597988,-0.281922159867,0.0873587611597,0.091829324168,0.289428985627,-0.248327496272,0.0537640975645,-0.277263867448,0.0827004687402,Descriptive origin-month split; no independent-subsample difference test
single,post_2012,lwti,diplomatic_tension,12,164,2012-01-01,2025-08-01,-0.128392848021,HC3,0.742252264117,0.0938671435912,0.171370121309,-0.282790559609,0.0260048635665,-0.312369068792,0.0555833727494,0.0882877742144,0.145875901114,-0.273613313653,0.0168276176109,-0.301433705757,0.0446480097142,Descriptive origin-month split; no independent-subsample difference test
single,pre_2019,lwti,diplomatic_tension,12,345,1990-04-01,2018-12-01,-0.134184944607,HC3,0.255534160391,0.0841351892314,0.110740630646,-0.272575015768,0.00420512655446,-0.299086885333,0.0307169961189,0.0821358959937,0.102323057111,-0.269286471035,0.000916581821121,-0.295168342593,0.0267984533786,Descriptive origin-month split; no independent-subsample difference test
single,post_2019,lwti,diplomatic_tension,12,80,2019-01-01,2025-08-01,-0.333476656691,HC3,0.851886925942,0.132007532609,0.0115305739244,-0.550609725488,-0.116343587894,-0.592206666293,-0.0747466470895,0.119708839309,0.0053407127472,-0.530380175206,-0.136573138176,-0.568101670367,-0.0988516430154,Descriptive origin-month split; no independent-subsample difference test
single,pre_2008,lwti,diplomatic_tension,24,213,1990-04-01,2007-12-01,-0.239237938692,HC3,0.361031527374,0.124705175486,0.055056724608,-0.44435969889,-0.0341161784943,-0.48365559133,0.00517971394618,0.120686945003,0.0474454816185,-0.437750297906,-0.0407255794783,-0.475780004302,-0.00269587308222,Descriptive origin-month split; no independent-subsample difference test
single,post_2008,lwti,diplomatic_tension,24,200,2008-01-01,2024-08-01,-0.183063860556,HC3,0.69449717591,0.109753485591,0.0953246864139,-0.363592279401,-0.00253544171056,-0.398176739492,0.0320490183807,0.106343878498,0.0851722824524,-0.357983974808,-0.00814374630353,-0.391494032389,0.0253663112775,Descriptive origin-month split; no independent-subsample difference test
single,pre_2012,lwti,diplomatic_tension,24,261,1990-04-01,2011-12-01,-0.136660638469,HC3,0.308098010489,0.102235669076,0.181313492411,-0.304823349552,0.0315020726148,-0.337038867793,0.0637175908557,0.0998878777949,0.171268141173,-0.300961576548,0.027640299611,-0.332437281439,0.0591160045017,Descriptive origin-month split; no independent-subsample difference test
single,post_2012,lwti,diplomatic_tension,24,152,2012-01-01,2024-08-01,-0.273187904009,HC3,0.751785706254,0.11461947231,0.017151977407,-0.461720158757,-0.0846556492601,-0.497837941664,-0.0485378663539,0.110773894956,0.0136564273251,-0.455394746899,-0.090981061119,-0.49030074855,-0.056075059468,Descriptive origin-month split; no independent-subsample difference test
single,pre_2019,lwti,diplomatic_tension,24,345,1990-04-01,2018-12-01,-0.327997937313,HC3,0.255534160391,0.112320973866,0.0034982450754,-0.512749498559,-0.143246376067,-0.548143000799,-0.107852873828,0.109315336594,0.00269558858355,-0.507805665192,-0.148190209434,-0.542252059996,-0.11374381463,Descriptive origin-month split; no independent-subsample difference test
single,post_2019,lwti,diplomatic_tension,24,68,2019-01-01,2024-08-01,-0.0904088924386,HC3,0.870741755639,0.0758221250324,0.233111725728,-0.215125189801,0.0343074049242,-0.239017526733,0.0581997418563,0.0704312461491,0.199265324664,-0.206257983118,0.0254401982405,-0.228451598277,0.0476338134,Descriptive origin-month split; no independent-subsample difference test
single,pre_2008,lwti,diplomatic_tension,48,213,1990-04-01,2007-12-01,-0.116416143373,HC3,0.361031527374,0.0977262433439,0.233556436069,-0.277161509186,0.0443292224397,-0.307956060671,0.0751237739256,0.0953966663629,0.222336903852,-0.273329696039,0.0404974092931,-0.303390173689,0.0705578869435,Descriptive origin-month split; no independent-subsample difference test
single,post_2008,lwti,diplomatic_tension,48,176,2008-01-01,2022-08-01,0.0736800272505,HC3,0.713323459566,0.126810363976,0.561223415673,-0.134904459871,0.282264514372,-0.174863719009,0.32222377351,0.121343474183,0.543716717269,-0.125912226366,0.273272280867,-0.164148811907,0.311508866408,Descriptive origin-month split; no independent-subsample difference test
single,pre_2012,lwti,diplomatic_tension,48,261,1990-04-01,2011-12-01,-0.257785252581,HC3,0.308098010489,0.129667946591,0.0468071059025,-0.47107004483,-0.0445004603312,-0.511929757848,-0.00364074731317,0.125070384622,0.0392914548586,-0.463507728351,-0.0520627768106,-0.502918701973,-0.0126518031885,Descriptive origin-month split; no independent-subsample difference test
single,post_2012,lwti,diplomatic_tension,48,128,2012-01-01,2022-08-01,0.0699640196159,HC3,0.771945991593,0.0908873433214,0.441425441261,-0.0795323566902,0.219460395922,-0.108171899945,0.248099939176,0.083500817154,0.40209571483,-0.0673826023333,0.207310641565,-0.0936945746856,0.233622613917,Descriptive origin-month split; no independent-subsample difference test
single,pre_2019,lwti,diplomatic_tension,48,345,1990-04-01,2018-12-01,-0.252492527707,HC3,0.255534160391,0.11852988427,0.0331549879413,-0.44745683775,-0.0575282176638,-0.484806831967,-0.0201782234467,0.114928886632,0.0280243217291,-0.441533723724,-0.0634513316894,-0.477749006288,-0.0272360491257,Descriptive origin-month split; no independent-subsample difference test
single,post_2019,lwti,diplomatic_tension,48,44,2019-01-01,2022-08-01,-0.126641765201,HC3,0.904579929265,0.149621190967,0.397320733627,-0.372746723833,0.11946319343,-0.419893910821,0.166610380418,0.122976806042,0.30310294496,-0.32892061065,0.0756370802476,-0.367671875977,0.114388345575,Descriptive origin-month split; no independent-subsample difference test
single,pre_2008,lwti,nuclear_threat,0,213,1990-04-01,2007-12-01,0.00057839075115,HC3,0.363063643203,0.0215061480218,0.97854411568,-0.0347960748243,0.0359528563266,-0.0415728848178,0.0427296663201,0.0194425841883,0.976267507101,-0.0314018143683,0.0325585958706,-0.0375283740244,0.0386851555267,Descriptive origin-month split; no independent-subsample difference test
single,post_2008,lwti,nuclear_threat,0,219,2008-01-01,2026-03-01,0.0292715050447,HC3,0.669501246627,0.0229862390597,0.2028633584,-0.00853749364269,0.067080503732,-0.0157806956524,0.0743237057417,0.0203098458697,0.149514906031,-0.00413521859692,0.0626782286862,-0.0105350613915,0.0690780714808,Descriptive origin-month split; no independent-subsample difference test
single,pre_2012,lwti,nuclear_threat,0,261,1990-04-01,2011-12-01,0.0161227839321,HC3,0.320690853473,0.0205624152454,0.432987309491,-0.0176993793631,0.0499449472274,-0.024178809384,0.0564243772482,0.0188788090348,0.393096741826,-0.0149300935813,0.0471756614455,-0.0208790018471,0.0531245697114,Descriptive origin-month split; no independent-subsample difference test
single,post_2012,lwti,nuclear_threat,0,171,2012-01-01,2026-03-01,0.0272022707601,HC3,0.725951874445,0.0270291278165,0.314220409083,-0.0172566881622,0.0716612296823,-0.0257738462937,0.0801783878139,0.0232182991565,0.24136267968,-0.0109884328191,0.0653929743393,-0.0183047593689,0.0727093008891,Descriptive origin-month split; no independent-subsample difference test
single,pre_2019,lwti,nuclear_threat,0,345,1990-04-01,2018-12-01,0.0153167882404,HC3,0.256576836281,0.0146710182123,0.296477656289,-0.00881488927717,0.039448465758,-0.0134378790722,0.0440714555531,0.0141225001779,0.27811377269,-0.00791265739876,0.0385462338796,-0.0123628034798,0.0429963799607,Descriptive origin-month split; no independent-subsample difference test
single,post_2019,lwti,nuclear_threat,0,87,2019-01-01,2026-03-01,0.0704316600419,HC3,0.81843305323,0.0488005611988,0.148948616044,-0.00983812004329,0.150701440127,-0.0252156823332,0.166079002417,0.0406871501693,0.0834421074071,0.0035072535156,0.137356066568,-0.00931368892351,0.150177009007,Descriptive origin-month split; no independent-subsample difference test
single,pre_2008,lwti,nuclear_threat,12,213,1990-04-01,2007-12-01,0.060428464136,HC3,0.363063643203,0.0617753497496,0.327976881236,-0.0411829439558,0.162039872228,-0.0606489965056,0.181505924778,0.0549099212565,0.271113569933,-0.0298903189985,0.15074724727,-0.0471930039208,0.168049932193,Descriptive origin-month split; no independent-subsample difference test
single,post_2008,lwti,nuclear_threat,12,212,2008-01-01,2025-08-01,0.0318060740486,HC3,0.681312136494,0.0563457112922,0.572426940807,-0.0608743735335,0.124486521631,-0.0786294907674,0.142241638865,0.0544190357839,0.558906859928,-0.0577052743357,0.121317422433,-0.0748532761612,0.138465424258,Descriptive origin-month split; no independent-subsample difference test
single,pre_2012,lwti,nuclear_threat,12,261,1990-04-01,2011-12-01,0.0875632662375,HC3,0.320690853473,0.0590434323398,0.138066058878,-0.00955453759432,0.184681070069,-0.0281597346722,0.203286267147,0.0531493045084,0.0994561390404,0.000140439946958,0.174986092528,-0.0166074564023,0.191733988877,Descriptive origin-month split; no independent-subsample difference test
single,post_2012,lwti,nuclear_threat,12,164,2012-01-01,2025-08-01,0.0350213645054,HC3,0.738782298978,0.0654021548025,0.592319900693,-0.072555607032,0.142598336043,-0.0931645034188,0.16320723243,0.061282181277,0.567676265024,-0.0657788536357,0.135821582646,-0.0850895036917,0.155132232702,Descriptive origin-month split; no independent-subsample difference test
single,pre_2019,lwti,nuclear_threat,12,345,1990-04-01,2018-12-01,0.0927365323308,HC3,0.256576836281,0.0431101774838,0.0314642265605,0.021826600538,0.163646464124,0.00824213709539,0.177230927566,0.0416923504126,0.0261278840182,0.0241587185385,0.161314346123,0.0110210270913,0.17445203757,Descriptive origin-month split; no independent-subsample difference test
single,post_2019,lwti,nuclear_threat,12,80,2019-01-01,2025-08-01,0.0674514991212,HC3,0.830821655523,0.109405019619,0.537544643333,-0.112503744205,0.247406742447,-0.146978399059,0.281881397301,0.0982401449361,0.492336011596,-0.0941391595891,0.229042157832,-0.12509564679,0.259998645032,Descriptive origin-month split; no independent-subsample difference test
single,pre_2008,lwti,nuclear_threat,24,213,1990-04-01,2007-12-01,0.105874961341,HC3,0.363063643203,0.0478979470624,0.0270754752118,0.0270898493919,0.18466007329,0.0119967101654,0.199753212517,0.0452628002885,0.0193294068472,0.0314242801205,0.180325642562,0.0171615029362,0.194588419746,Descriptive origin-month split; no independent-subsample difference test
single,post_2008,lwti,nuclear_threat,24,200,2008-01-01,2024-08-01,-0.0330160193396,HC3,0.688959316984,0.0465745625978,0.478395703885,-0.109624357552,0.0435923188731,-0.124300484627,0.0582684459478,0.0454856687027,0.467927405733,-0.10783328648,0.0418012478005,-0.12216629181,0.0561342531305,Descriptive origin-month split; no independent-subsample difference test
single,pre_2012,lwti,nuclear_threat,24,261,1990-04-01,2011-12-01,0.114416579748,HC3,0.320690853473,0.0425204439243,0.00712680051389,0.0444766733395,0.184356486156,0.0310780410497,0.197755118446,0.0406097275347,0.0048404041988,0.047619522123,0.181213637373,0.0348229763579,0.194010183138,Descriptive origin-month split; no independent-subsample difference test
single,post_2012,lwti,nuclear_threat,24,152,2012-01-01,2024-08-01,-0.0102888443277,HC3,0.747095375508,0.05084067613,0.839624147798,-0.0939143148568,0.0733366262013,-0.109934738492,0.0893570498367,0.0491904199553,0.834320542705,-0.0911998850024,0.0706221963469,-0.106700295824,0.086122607169,Descriptive origin-month split; no independent-subsample difference test
single,pre_2019,lwti,nuclear_threat,24,345,1990-04-01,2018-12-01,0.112722965942,HC3,0.256576836281,0.0538300966886,0.0362554404385,0.0241803361644,0.201265595719,0.00721791514785,0.218228016736,0.0521641978302,0.030701064149,0.0269204959437,0.19852543594,0.0104830169121,0.214962914971,Descriptive origin-month split; no independent-subsample difference test
single,post_2019,lwti,nuclear_threat,24,68,2019-01-01,2024-08-01,0.0356334678443,HC3,0.841740582464,0.0539251454693,0.508743773784,-0.0530655032647,0.124332438953,-0.0700578751365,0.141324810825,0.0471134925138,0.449449838237,-0.0418613311953,0.113128266884,-0.0567072806686,0.127974216357,Descriptive origin-month split; no independent-subsample difference test
single,pre_2008,lwti,nuclear_threat,48,213,1990-04-01,2007-12-01,-0.000675006797602,HC3,0.363063643203,0.0607225475865,0.991130701333,-0.100554709433,0.0992046958377,-0.119689013117,0.118338999521,0.0564943037284,0.990466920514,-0.0935998671873,0.0922498535921,-0.111401807437,0.110051793842,Descriptive origin-month split; no independent-subsample difference test
single,post_2008,lwti,nuclear_threat,48,176,2008-01-01,2022-08-01,-0.0286401702448,HC3,0.710076194125,0.0575800994202,0.61890910194,-0.123351005616,0.0660706651266,-0.141495091335,0.0842147508449,0.0548861935755,0.601802555651,-0.118919924817,0.0616395843273,-0.136215132901,0.0789347924116,Descriptive origin-month split; no independent-subsample difference test
single,pre_2012,lwti,nuclear_threat,48,261,1990-04-01,2011-12-01,0.00440726317168,HC3,0.320690853473,0.0723121128956,0.951400792543,-0.114535577997,0.123350104341,-0.13732187375,0.146136400093,0.0682668906391,0.948524885149,-0.107881779497,0.11669630584,-0.129393383818,0.138207910161,Descriptive origin-month split; no independent-subsample difference test
single,post_2012,lwti,nuclear_threat,48,128,2012-01-01,2022-08-01,-0.0162834223062,HC3,0.77045062149,0.0506089093485,0.747642010088,-0.0995276704041,0.0669608257917,-0.115475061926,0.0829082173137,0.0465636045674,0.726561761604,-0.0928737361628,0.0603068915503,-0.107546410249,0.0749795656362,Descriptive origin-month split; no independent-subsample difference test
single,pre_2019,lwti,nuclear_threat,48,345,1990-04-01,2018-12-01,-0.00467059569709,HC3,0.256576836281,0.0576601610478,0.935440260839,-0.0995131207272,0.0901719293331,-0.117682434694,0.108341243299,0.0563492510966,0.933941739207,-0.0973568657393,0.0880156743451,-0.115113098402,0.105771907008,Descriptive origin-month split; no independent-subsample difference test
single,post_2019,lwti,nuclear_threat,48,44,2019-01-01,2022-08-01,0.075055569651,HC3,0.874697233813,0.0875242105129,0.391146151222,-0.0689089454573,0.219020084759,-0.0964887307297,0.246599870032,0.0705495263638,0.287387305779,-0.0409880746682,0.19109921397,-0.0632189611484,0.21333010045,Descriptive origin-month split; no independent-subsample difference test
single,pre_2008,lbrent,military_conflict,0,213,1990-04-01,2007-12-01,0.0566144365059,HC3,0.384806455486,0.0544889315284,0.298801009379,-0.0330118801474,0.146240753159,-0.0501819068459,0.163410779858,0.0438495052408,0.196666313473,-0.0155115812295,0.128740454241,-0.029329014506,0.142557887518,Descriptive origin-month split; no independent-subsample difference test
single,post_2008,lbrent,military_conflict,0,219,2008-01-01,2026-03-01,0.0912762867357,HC3,0.653884391825,0.0450513350402,0.0427595943006,0.0171734348959,0.165379138576,0.0029772926015,0.17957528087,0.0368907621756,0.0133523135324,0.0305963827701,0.151956190701,0.0189717215093,0.163580851962,Descriptive origin-month split; no independent-subsample difference test
single,pre_2012,lbrent,military_conflict,0,261,1990-04-01,2011-12-01,0.052026172156,HC3,0.335352775189,0.0463957873064,0.262136561952,-0.0242881068702,0.128340451182,-0.0389078999989,0.142960244311,0.038318124254,0.174545187827,-0.0110015335013,0.115053877813,-0.0230759713371,0.127128315649,Descriptive origin-month split; no independent-subsample difference test
single,post_2012,lbrent,military_conflict,0,171,2012-01-01,2026-03-01,0.100414335797,HC3,0.697509667814,0.0493761863218,0.0419859680548,0.0191977366404,0.181630934953,0.00363878891216,0.197189882682,0.04067064152,0.0135504979972,0.0335170835822,0.167311588012,0.0207013431895,0.180127328404,Descriptive origin-month split; no independent-subsample difference test
single,pre_2019,lbrent,military_conflict,0,345,1990-04-01,2018-12-01,0.0520671030067,HC3,0.271665988154,0.0388221682391,0.179865467977,-0.0117896812275,0.115923887241,-0.0240229485436,0.128157154557,0.0329412882504,0.113968811854,-0.0021164944484,0.106250700462,-0.0124966355684,0.116630841582,Descriptive origin-month split; no independent-subsample difference test
single,post_2019,lbrent,military_conflict,0,87,2019-01-01,2026-03-01,0.109744180594,HC3,0.831104654562,0.0586041564526,0.0611188375929,0.0133489212988,0.20613943989,-0.00511785539719,0.224606216586,0.0484986476642,0.0236461890026,0.0299710040816,0.189517357107,0.0146885778736,0.204799783315,Descriptive origin-month split; no independent-subsample difference test
single,pre_2008,lbrent,military_conflict,12,213,1990-04-01,2007-12-01,0.132530876295,HC3,0.384806455486,0.0931056764624,0.154606987885,-0.0206143333242,0.285676085914,-0.0499528963278,0.315014648917,0.0748799384939,0.0767418579955,0.00936433787718,0.255697414712,-0.0142311063179,0.279292858907,Descriptive origin-month split; no independent-subsample difference test
single,post_2008,lbrent,military_conflict,12,212,2008-01-01,2025-08-01,-0.0126431802932,HC3,0.666325467046,0.0458561004935,0.782767550844,-0.0880697535078,0.0627833929213,-0.102519485732,0.0772331251454,0.0431321097585,0.76942517974,-0.0835891874676,0.0583028268811,-0.0971805619972,0.0718942014107,Descriptive origin-month split; no independent-subsample difference test
single,pre_2012,lbrent,military_conflict,12,261,1990-04-01,2011-12-01,0.116816748825,HC3,0.335352775189,0.0788235582829,0.138339500167,-0.0128364669055,0.246469964556,-0.0376745865424,0.271308084193,0.0658365493023,0.0760061095479,0.00852526191951,0.225108235731,-0.0122205166735,0.245854014324,Descriptive origin-month split; no independent-subsample difference test
single,post_2012,lbrent,military_conflict,12,164,2012-01-01,2025-08-01,-0.0334754317231,HC3,0.710724981834,0.0509546655846,0.511203423529,-0.11728839822,0.0503375347738,-0.133344741113,0.0663938776669,0.047392088407,0.479970112041,-0.111428480228,0.044477616782,-0.126362218153,0.0594113547068,Descriptive origin-month split; no independent-subsample difference test
single,pre_2019,lbrent,military_conflict,12,345,1990-04-01,2018-12-01,0.0916876750589,HC3,0.271665988154,0.0737902849601,0.214035920756,-0.0296865427915,0.213061892909,-0.0529386258718,0.23631397599,0.0626657916946,0.143434101213,-0.0113883796956,0.194763729813,-0.0311350197251,0.214510369843,Descriptive origin-month split; no independent-subsample difference test
single,post_2019,lbrent,military_conflict,12,80,2019-01-01,2025-08-01,0.000201625739995,HC3,0.839809488856,0.0880781330641,0.998173508919,-0.144674010886,0.145077262366,-0.172428342891,0.172831594371,0.0740088714921,0.997826289433,-0.12153213496,0.12193538644,-0.144853096921,0.145256348401,Descriptive origin-month split; no independent-subsample difference test
single,pre_2008,lbrent,military_conflict,24,213,1990-04-01,2007-12-01,0.133707957165,HC3,0.384806455486,0.0717132070882,0.0622540990863,0.0157502283859,0.251665685945,-0.0068473459435,0.274263260274,0.0602521357282,0.0264771645886,0.0346020131813,0.232813901149,0.0156159411465,0.251799973184,Descriptive origin-month split; no independent-subsample difference test
single,post_2008,lbrent,military_conflict,24,200,2008-01-01,2024-08-01,0.0254366998902,HC3,0.674984488889,0.0743991491523,0.732429884342,-0.0969390104351,0.147812410216,-0.120382952929,0.171256352709,0.0636820823659,0.68957447532,-0.0793110042612,0.130184404042,-0.0993778880075,0.150251287788,Descriptive origin-month split; no independent-subsample difference test
single,pre_2012,lbrent,military_conflict,24,261,1990-04-01,2011-12-01,0.107793265236,HC3,0.335352775189,0.0567841253236,0.0576566664083,0.0143916907447,0.201194839728,-0.00350157529136,0.219088105764,0.0505560742339,0.0329943034829,0.0246359231684,0.190950607305,0.00870518053832,0.206881349935,Descriptive origin-month split; no independent-subsample difference test
single,post_2012,lbrent,military_conflict,24,152,2012-01-01,2024-08-01,0.00147893986472,HC3,0.720416113426,0.093806050142,0.987421126898,-0.152818281941,0.155776161671,-0.182377539946,0.185335419675,0.0746623563678,0.984196237858,-0.121329707804,0.124287587533,-0.144856589617,0.147814469347,Descriptive origin-month split; no independent-subsample difference test
single,pre_2019,lbrent,military_conflict,24,345,1990-04-01,2018-12-01,0.102828246155,HC3,0.271665988154,0.0921234490581,0.264336291478,-0.0487013431555,0.254357835466,-0.0777303961305,0.283386888441,0.0796042310452,0.19644599575,-0.0281090620002,0.23376555431,-0.0531931797104,0.258849672021,Descriptive origin-month split; no independent-subsample difference test
single,post_2019,lbrent,military_conflict,24,68,2019-01-01,2024-08-01,0.0501376310791,HC3,0.852113579328,0.0950097753933,0.597700467034,-0.106139542572,0.206414804731,-0.136078106871,0.236353369029,0.0810814128459,0.536337013433,-0.0832294249189,0.183504687077,-0.108779017915,0.209054280073,Descriptive origin-month split; no independent-subsample difference test
single,pre_2008,lbrent,military_conflict,48,213,1990-04-01,2007-12-01,0.0726198854178,HC3,0.384806455486,0.0670689447534,0.278912880504,-0.0376987116157,0.182938482451,-0.05883283078,0.204072601616,0.0565649590579,0.199200862456,-0.0204211926469,0.165660963482,-0.0382453971226,0.183485167958,Descriptive origin-month split; no independent-subsample difference test
single,post_2008,lbrent,military_conflict,48,176,2008-01-01,2022-08-01,0.0107752881302,HC3,0.695739689577,0.123417175348,0.930426815113,-0.19222790037,0.21377847663,-0.231117930626,0.252668506887,0.0727848102475,0.882308762899,-0.108945070992,0.130495647253,-0.131880318576,0.153430894837,Descriptive origin-month split; no independent-subsample difference test
single,pre_2012,lbrent,military_conflict,48,261,1990-04-01,2011-12-01,0.0829007871575,HC3,0.335352775189,0.0624816215602,0.184573941367,-0.0198723346836,0.185673908999,-0.0395609407962,0.205362515111,0.0570613889791,0.146269551704,-0.0109568454636,0.176758419779,-0.0289374801493,0.194739054464,Descriptive origin-month split; no independent-subsample difference test
single,post_2012,lbrent,military_conflict,48,128,2012-01-01,2022-08-01,-0.11720924214,HC3,0.743599551913,0.121317036865,0.333974130712,-0.316758010239,0.0823395259582,-0.354986265107,0.120567780826,0.0732214684678,0.109432373094,-0.23764784012,0.00322935583984,-0.260720683232,0.0263021989519,Descriptive origin-month split; no independent-subsample difference test
single,pre_2019,lbrent,military_conflict,48,345,1990-04-01,2018-12-01,0.091549938795,HC3,0.271665988154,0.108832671512,0.400236438251,-0.087463875672,0.270563753262,-0.121758177709,0.304858055299,0.0910273822233,0.314540342285,-0.058176781007,0.241276658597,-0.0868604519697,0.26996032956,Descriptive origin-month split; no independent-subsample difference test
single,post_2019,lbrent,military_conflict,48,44,2019-01-01,2022-08-01,-0.0237542856026,HC3,0.870662273069,0.21005689933,0.90996316266,-0.369267138333,0.321758567127,-0.435458242995,0.387949671789,0.0873523169162,0.785670825441,-0.167436060905,0.1199274897,-0.194961680724,0.147453109519,Descriptive origin-month split; no independent-subsample difference test
single,pre_2008,lbrent,diplomatic_tension,0,213,1990-04-01,2007-12-01,-0.049293011089,HC3,0.369534217888,0.0394741103654,0.21175916127,-0.114222144694,0.0156361225162,-0.126660845727,0.0280748235489,0.0374538415872,0.188140389807,-0.110899098267,0.0123130760891,-0.122701191683,0.0241151695047,Descriptive origin-month split; no independent-subsample difference test
single,post_2008,lbrent,diplomatic_tension,0,219,2008-01-01,2026-03-01,0.00060874389173,HC3,0.662834536391,0.0468896369101,0.989641768605,-0.0765178454462,0.0777353332297,-0.0912932557001,0.0925107434836,0.0428603837435,0.988668066383,-0.0698903137613,0.0711078015448,-0.0833960646091,0.0846135523926,Descriptive origin-month split; no independent-subsample difference test
single,pre_2012,lbrent,diplomatic_tension,0,261,1990-04-01,2011-12-01,-0.0294210163084,HC3,0.323857472706,0.0331179317537,0.374341119449,-0.0838951664706,0.0250531338538,-0.0943309697881,0.0354889371713,0.0318496820963,0.355618578252,-0.0818090814217,0.0229670488049,-0.0918452461361,0.0330032135193,Descriptive origin-month split; no independent-subsample difference test
single,post_2012,lbrent,diplomatic_tension,0,171,2012-01-01,2026-03-01,-0.00493333094609,HC3,0.71080335084,0.0559683568576,0.929761428858,-0.0969930857178,0.0871264238256,-0.114629294661,0.104762632769,0.0500453806082,0.921474014009,-0.0872506567517,0.0773839948595,-0.103020474531,0.0931538126387,Descriptive origin-month split; no independent-subsample difference test
single,pre_2019,lbrent,diplomatic_tension,0,345,1990-04-01,2018-12-01,-0.0134522003011,HC3,0.267063508937,0.0319838761994,0.674052172351,-0.0660609950717,0.0391565944695,-0.076139445738,0.0492350451357,0.0308385562186,0.662681698576,-0.0641771113472,0.0372727107449,-0.0738946598247,0.0469902592225,Descriptive origin-month split; no independent-subsample difference test
single,post_2019,lbrent,diplomatic_tension,0,87,2019-01-01,2026-03-01,-0.0467220483479,HC3,0.821572513525,0.0748345505934,0.532405679591,-0.169813930313,0.076369833617,-0.19339507231,0.0999509756144,0.0628677142899,0.457372513433,-0.150130236216,0.05668613952,-0.169940504146,0.0764964074506,Descriptive origin-month split; no independent-subsample difference test
single,pre_2008,lbrent,diplomatic_tension,12,213,1990-04-01,2007-12-01,-0.198437680237,HC3,0.369534217888,0.118898716686,0.0951245104906,-0.394008665617,-0.00286669485633,-0.431474882749,0.0345995222753,0.114868533022,0.0840743288466,-0.3873796034,-0.0094957570734,-0.423575867916,0.0267005074427,Descriptive origin-month split; no independent-subsample difference test
single,post_2008,lbrent,diplomatic_tension,12,212,2008-01-01,2025-08-01,-0.0359389373711,HC3,0.678739656222,0.0922549091969,0.69686101372,-0.187684759368,0.115806884626,-0.216755236794,0.144877362052,0.0884975292804,0.684668372488,-0.181504419384,0.109626544642,-0.209390907481,0.137513032739,Descriptive origin-month split; no independent-subsample difference test
single,pre_2012,lbrent,diplomatic_tension,12,261,1990-04-01,2011-12-01,-0.0753932507721,HC3,0.323857472706,0.101672504905,0.458371921059,-0.242629639227,0.0918431376824,-0.274667698604,0.12388119706,0.0992093244035,0.447289746711,-0.238578067845,0.0877915663004,-0.269839953534,0.119053451989,Descriptive origin-month split; no independent-subsample difference test
single,post_2012,lbrent,diplomatic_tension,12,164,2012-01-01,2025-08-01,-0.101751904218,HC3,0.728838299857,0.0993866024224,0.305930222608,-0.265228317683,0.0617245092465,-0.296546065512,0.0930422570754,0.0925027013959,0.27133714918,-0.253905308112,0.0504014996755,-0.283053867427,0.0795500589903,Descriptive origin-month split; no independent-subsample difference test
single,pre_2019,lbrent,diplomatic_tension,12,345,1990-04-01,2018-12-01,-0.114421417955,HC3,0.267063508937,0.0896611187768,0.201900996836,-0.261900834371,0.0330579984619,-0.290153981571,0.0613111456614,0.0875790012359,0.191384702264,-0.258476055782,0.0296332198731,-0.286073106179,0.0572302702698,Descriptive origin-month split; no independent-subsample difference test
single,post_2019,lbrent,diplomatic_tension,12,80,2019-01-01,2025-08-01,-0.322703976977,HC3,0.840583422419,0.133873479117,0.0159300333912,-0.542906254656,-0.102501699298,-0.585091174532,-0.0603167794222,0.121707693257,0.00801428571473,-0.522895317659,-0.122512636296,-0.561246672402,-0.0841612815527,Descriptive origin-month split; no independent-subsample difference test
single,pre_2008,lbrent,diplomatic_tension,24,213,1990-04-01,2007-12-01,-0.269918585748,HC3,0.369534217888,0.134337982745,0.044510632354,-0.490884903904,-0.0489522675928,-0.533216193684,-0.00662097781224,0.130233024009,0.0382112231181,-0.484132847639,-0.0557043238574,-0.525170622405,-0.014666549092,Descriptive origin-month split; no independent-subsample difference test
single,post_2008,lbrent,diplomatic_tension,24,200,2008-01-01,2024-08-01,-0.160164314327,HC3,0.687718313322,0.115540717051,0.165681158872,-0.350211881829,0.0298832531755,-0.386619958495,0.0662913298416,0.111856193449,0.152179016384,-0.344151379818,0.0238227511647,-0.379398424934,0.0590697962809,Descriptive origin-month split; no independent-subsample difference test
single,pre_2012,lbrent,diplomatic_tension,24,261,1990-04-01,2011-12-01,-0.118328866524,HC3,0.323857472706,0.11240854497,0.292493227357,-0.303224469419,0.0665667363702,-0.33864556622,0.101987833172,0.110067557021,0.282349336088,-0.2993738869,0.0627161538512,-0.334057314151,0.0973995811029,Descriptive origin-month split; no independent-subsample difference test
single,post_2012,lbrent,diplomatic_tension,24,152,2012-01-01,2024-08-01,-0.255668107147,HC3,0.739503092981,0.118589444258,0.0310907340566,-0.450730384654,-0.0606058296414,-0.48809914684,-0.023237067455,0.114506838729,0.0255637279038,-0.444015096142,-0.067321118153,-0.48009738704,-0.0312388272547,Descriptive origin-month split; no independent-subsample difference test
single,pre_2019,lbrent,diplomatic_tension,24,345,1990-04-01,2018-12-01,-0.336608103226,HC3,0.267063508937,0.124904552343,0.00704049795619,-0.54205780917,-0.131158397282,-0.581416527323,-0.0917996791289,0.12134532042,0.0055377030453,-0.536203393632,-0.13701281282,-0.574440560941,-0.0987756455108,Descriptive origin-month split; no independent-subsample difference test
single,post_2019,lbrent,diplomatic_tension,24,68,2019-01-01,2024-08-01,-0.0902567868007,HC3,0.858994246807,0.0789536492205,0.252971466417,-0.220123983082,0.0396104094806,-0.245003095721,0.0644895221194,0.0740910281815,0.223152613792,-0.21212568323,0.0316121096282,-0.235472533614,0.0549589600126,Descriptive origin-month split; no independent-subsample difference test
single,pre_2008,lbrent,diplomatic_tension,48,213,1990-04-01,2007-12-01,-0.097473075886,HC3,0.369534217888,0.102593881913,0.342068234369,-0.266224994653,0.0712788428814,-0.298553389469,0.103607237697,0.100176308742,0.330545723868,-0.262248440655,0.0673022888827,-0.293815033124,0.0988688813522,Descriptive origin-month split; no independent-subsample difference test
single,post_2008,lbrent,diplomatic_tension,48,176,2008-01-01,2022-08-01,0.0482304928188,HC3,0.707322071923,0.138741270527,0.728118804264,-0.179978589215,0.276439574853,-0.223697400584,0.320158386221,0.132259769486,0.715361578411,-0.16931746872,0.265778454357,-0.210993891977,0.307454877615,Descriptive origin-month split; no independent-subsample difference test
single,pre_2012,lbrent,diplomatic_tension,48,261,1990-04-01,2011-12-01,-0.258689329283,HC3,0.323857472706,0.135209131983,0.0557156223513,-0.481088560422,-0.0362900981445,-0.52369435835,0.00631569978381,0.130673679842,0.0477418560102,-0.473628405518,-0.0437502530479,-0.514805035501,-0.00257362306541,Descriptive origin-month split; no independent-subsample difference test
single,post_2012,lbrent,diplomatic_tension,48,128,2012-01-01,2022-08-01,0.0823575543631,HC3,0.760276679481,0.0989882308244,0.405412671943,-0.0804635961339,0.24517870486,-0.111655812946,0.276370921672,0.0906671592523,0.363693099028,-0.0667766513784,0.231491760105,-0.0953468123519,0.260061921078,Descriptive origin-month split; no independent-subsample difference test
single,pre_2019,lbrent,diplomatic_tension,48,345,1990-04-01,2018-12-01,-0.283749553373,HC3,0.267063508937,0.120697454415,0.0187272707313,-0.482279199031,-0.0852199077148,-0.520312217052,-0.0471868896941,0.117333292533,0.0155923193414,-0.476745645158,-0.0907534615875,-0.513718580925,-0.0537805258204,Descriptive origin-month split; no independent-subsample difference test
single,post_2019,lbrent,diplomatic_tension,48,44,2019-01-01,2022-08-01,-0.165301992237,HC3,0.892875925714,0.167696018577,0.324268563038,-0.441137396618,0.110533412145,-0.493980148998,0.163376164525,0.132935963281,0.2136943846,-0.383962193591,0.0533582091175,-0.425851692517,0.0952477080432,Descriptive origin-month split; no independent-subsample difference test
single,pre_2008,lbrent,nuclear_threat,0,213,1990-04-01,2007-12-01,0.0177393208649,HC3,0.373688474181,0.0258328701602,0.492274507066,-0.0247519693126,0.0602306110424,-0.0328921742663,0.0683708159961,0.0229194835717,0.438940064932,-0.0199598748158,0.0554385165456,-0.0271820414798,0.0626606832097,Descriptive origin-month split; no independent-subsample difference test
single,post_2008,lbrent,nuclear_threat,0,219,2008-01-01,2026-03-01,0.023625639916,HC3,0.659695557826,0.0210153504238,0.26092449677,-0.0109415354503,0.0581928152823,-0.0175636900372,0.0648149698692,0.0187281197929,0.20712651449,-0.00717937585143,0.0544306556834,-0.0130808003763,0.0603320802083,Descriptive origin-month split; no independent-subsample difference test
single,pre_2012,lbrent,nuclear_threat,0,261,1990-04-01,2011-12-01,0.0220214057278,HC3,0.336611467349,0.021779729634,0.311970304182,-0.0138030615548,0.0578458730103,-0.020666079948,0.0647088914035,0.0199066806292,0.268626145998,-0.0107221701057,0.0547649815613,-0.0169949713572,0.0610377828128,Descriptive origin-month split; no independent-subsample difference test
single,post_2012,lbrent,nuclear_threat,0,171,2012-01-01,2026-03-01,0.0274328028402,HC3,0.706910373006,0.0263290075471,0.297447303819,-0.0158745607177,0.0707401663981,-0.0241711037008,0.0790367093813,0.0230417442033,0.233822546406,-0.0104674936838,0.0653330993643,-0.0177281859392,0.0725937916196,Descriptive origin-month split; no independent-subsample difference test
single,pre_2019,lbrent,nuclear_threat,0,345,1990-04-01,2018-12-01,0.0223824267168,HC3,0.269227964993,0.0158417152957,0.157691307445,-0.00367487614452,0.048439729578,-0.00866676471617,0.0534316181497,0.0151115706653,0.138567949512,-0.00247389510094,0.0472387485345,-0.00723570753699,0.0520005609705,Descriptive origin-month split; no independent-subsample difference test
single,post_2019,lbrent,nuclear_threat,0,87,2019-01-01,2026-03-01,0.06309776844,HC3,0.806086881569,0.0528805135439,0.232785577887,-0.0238829360577,0.150078472938,-0.04054613359,0.16674167047,0.044133017653,0.152797980371,-0.00949458571481,0.135690122595,-0.0234013566889,0.149596893569,Descriptive origin-month split; no independent-subsample difference test
single,pre_2008,lbrent,nuclear_threat,12,213,1990-04-01,2007-12-01,0.0689114510448,HC3,0.373688474181,0.0709527116651,0.331433414775,-0.0477953740796,0.185618276169,-0.0701533084243,0.207976210514,0.0622213363835,0.26806863837,-0.0334335397793,0.171256441869,-0.0530401273367,0.190863029426,Descriptive origin-month split; no independent-subsample difference test
single,post_2008,lbrent,nuclear_threat,12,212,2008-01-01,2025-08-01,0.0307939358196,HC3,0.672704837779,0.0607774712289,0.612388525741,-0.0691761081682,0.130763979807,-0.0883277188604,0.1499155905,0.0581657963862,0.5965165131,-0.0648802853307,0.12646815697,-0.0832089302294,0.144796801869,Descriptive origin-month split; no independent-subsample difference test
single,pre_2012,lbrent,nuclear_threat,12,261,1990-04-01,2011-12-01,0.0945223076482,HC3,0.336611467349,0.0643340016489,0.14176678118,-0.0112977083003,0.200342323597,-0.031570018565,0.220614633861,0.0577457810336,0.101657740317,-0.000461049726071,0.189505665022,-0.0186573434368,0.207701958733,Descriptive origin-month split; no independent-subsample difference test
single,post_2012,lbrent,nuclear_threat,12,164,2012-01-01,2025-08-01,0.0346104860723,HC3,0.721608899546,0.0690196631018,0.616048586272,-0.0789167571118,0.148137729256,-0.100665567832,0.169886539977,0.0641471819042,0.589508760451,-0.0709022387415,0.140123210886,-0.0911156801697,0.160336652314,Descriptive origin-month split; no independent-subsample difference test
single,pre_2019,lbrent,nuclear_threat,12,345,1990-04-01,2018-12-01,0.0970150624032,HC3,0.269227964993,0.0472771516446,0.0401648376157,0.0192510680487,0.174779056758,0.00435354788826,0.189676576918,0.0454986262017,0.0329851864188,0.022176482074,0.171853642732,0.00783939370178,0.186190731105,Descriptive origin-month split; no independent-subsample difference test
single,post_2019,lbrent,nuclear_threat,12,80,2019-01-01,2025-08-01,0.091975105788,HC3,0.820565885645,0.111953262599,0.411333549923,-0.092171624247,0.276121835823,-0.127449256858,0.311399468434,0.100138191052,0.358366683907,-0.0727375609607,0.256687772537,-0.104292142151,0.288242353728,Descriptive origin-month split; no independent-subsample difference test
single,pre_2008,lbrent,nuclear_threat,24,213,1990-04-01,2007-12-01,0.121085650394,HC3,0.373688474181,0.0533541381614,0.0232397203352,0.0333259027264,0.208845398062,0.0165134611715,0.225657839617,0.0501844502283,0.015829976645,0.0385395754195,0.203631725369,0.0227259353627,0.219445365425,Descriptive origin-month split; no independent-subsample difference test
single,post_2008,lbrent,nuclear_threat,24,200,2008-01-01,2024-08-01,-0.0252307851206,HC3,0.680811538173,0.0498090020776,0.612470103754,-0.107159302843,0.0566977326016,-0.122854635299,0.0723930650575,0.0484927056391,0.602854059365,-0.104994187872,0.0545326176307,-0.120274741686,0.069813171445,Descriptive origin-month split; no independent-subsample difference test
single,pre_2012,lbrent,nuclear_threat,24,261,1990-04-01,2011-12-01,0.136280581144,HC3,0.336611467349,0.0488373658258,0.00526269937951,0.0559502628344,0.216610899453,0.0405611030253,0.232000059262,0.0466162470793,0.00346168337165,0.0596036780604,0.212957484227,0.0449144157738,0.227646746514,Descriptive origin-month split; no independent-subsample difference test
single,post_2012,lbrent,nuclear_threat,24,152,2012-01-01,2024-08-01,-0.00686470528431,HC3,0.730991912249,0.0526540113713,0.89627066813,-0.093472846862,0.0797434362934,-0.110064671214,0.0963352606451,0.0508936939623,0.892704207344,-0.0905773823872,0.0768479718186,-0.106614512491,0.0928851019221,Descriptive origin-month split; no independent-subsample difference test
single,pre_2019,lbrent,nuclear_threat,24,345,1990-04-01,2018-12-01,0.128821071832,HC3,0.269227964993,0.0584055527349,0.0274098777188,0.0327524865823,0.224889657083,0.0143482919749,0.24329385169,0.0565042858134,0.0226168217632,0.0358797923739,0.221762351291,0.0180747066659,0.239567436999,Descriptive origin-month split; no independent-subsample difference test
single,post_2019,lbrent,nuclear_threat,24,68,2019-01-01,2024-08-01,0.0332788773495,HC3,0.830549523628,0.0536715970127,0.535227277873,-0.0550030436611,0.12156079836,-0.0719155197881,0.138473274487,0.0474439799401,0.483031463882,-0.0447595251319,0.111317279831,-0.0597096146163,0.126267369315,Descriptive origin-month split; no independent-subsample difference test
single,pre_2008,lbrent,nuclear_threat,48,213,1990-04-01,2007-12-01,0.0107913712827,HC3,0.373688474181,0.0636087747156,0.865283634334,-0.0938357525141,0.11541849508,-0.113879536261,0.135462278826,0.0591941736028,0.855343673764,-0.0865743798622,0.108157122428,-0.105227077073,0.126809819639,Descriptive origin-month split; no independent-subsample difference test
single,post_2008,lbrent,nuclear_threat,48,176,2008-01-01,2022-08-01,-0.0249208513698,HC3,0.702631296266,0.057945462399,0.667141629484,-0.120232655362,0.0703909526226,-0.138491870739,0.0886501679998,0.0552722598256,0.652080017958,-0.115835628414,0.0659939256742,-0.133252489972,0.0834107872326,Descriptive origin-month split; no independent-subsample difference test
single,pre_2012,lbrent,nuclear_threat,48,261,1990-04-01,2011-12-01,0.0130973989123,HC3,0.336611467349,0.0740669549009,0.859640446693,-0.108731900494,0.134926698318,-0.132071165138,0.158265962963,0.0696423887521,0.850824537279,-0.101454136816,0.127648934641,-0.123399174839,0.149593972664,Descriptive origin-month split; no independent-subsample difference test
single,post_2012,lbrent,nuclear_threat,48,128,2012-01-01,2022-08-01,-0.00909340718465,HC3,0.755533848171,0.0504045406106,0.856831887695,-0.0920014986228,0.0738146842535,-0.107884491439,0.0896976770694,0.0467432641091,0.845753537667,-0.0859792346901,0.0677924203208,-0.100708521358,0.0825217069891,Descriptive origin-month split; no independent-subsample difference test
single,pre_2019,lbrent,nuclear_threat,48,345,1990-04-01,2018-12-01,-0.000894746455561,HC3,0.269227964993,0.0603977186663,0.988180376893,-0.100240153063,0.0984506601523,-0.11927209979,0.117482606879,0.0588957465238,0.987878973194,-0.0977696287372,0.0959801358261,-0.116328288485,0.114538795574,Descriptive origin-month split; no independent-subsample difference test
single,post_2019,lbrent,nuclear_threat,48,44,2019-01-01,2022-08-01,0.0632533348386,HC3,0.863920910143,0.106068949219,0.550946995622,-0.111214560991,0.237721230668,-0.144637985508,0.271144655185,0.0829318198212,0.445633441253,-0.073157369784,0.199664039461,-0.0992900451833,0.225796714861,Descriptive origin-month split; no independent-subsample difference test
