model,outcome,horizon,n,event,sw_conditional_F,conditional_df,residual_df,raw_wald_F_all_instruments,excluded_instruments,endogenous_regressors,covariance_assumption
joint,lwti,0,432,military_conflict,210.351402272,1,415,70.1171340906,3,3,homoskedastic Sanderson-Windmeijer correction
joint,lwti,0,432,diplomatic_tension,585.328215348,1,415,195.109405116,3,3,homoskedastic Sanderson-Windmeijer correction
joint,lwti,0,432,nuclear_threat,447.242719581,1,415,149.080906527,3,3,homoskedastic Sanderson-Windmeijer correction
joint,lwti,1,432,military_conflict,210.351402272,1,415,70.1171340906,3,3,homoskedastic Sanderson-Windmeijer correction
joint,lwti,1,432,diplomatic_tension,585.328215348,1,415,195.109405116,3,3,homoskedastic Sanderson-Windmeijer correction
joint,lwti,1,432,nuclear_threat,447.242719581,1,415,149.080906527,3,3,homoskedastic Sanderson-Windmeijer correction
joint,lwti,2,432,military_conflict,210.351402272,1,415,70.1171340906,3,3,homoskedastic Sanderson-Windmeijer correction
joint,lwti,2,432,diplomatic_tension,585.328215348,1,415,195.109405116,3,3,homoskedastic Sanderson-Windmeijer correction
joint,lwti,2,432,nuclear_threat,447.242719581,1,415,149.080906527,3,3,homoskedastic Sanderson-Windmeijer correction
joint,lwti,3,432,military_conflict,210.351402272,1,415,70.1171340906,3,3,homoskedastic Sanderson-Windmeijer correction
joint,lwti,3,432,diplomatic_tension,585.328215348,1,415,195.109405116,3,3,homoskedastic Sanderson-Windmeijer correction
joint,lwti,3,432,nuclear_threat,447.242719581,1,415,149.080906527,3,3,homoskedastic Sanderson-Windmeijer correction
joint,lwti,4,432,military_conflict,210.351402272,1,415,70.1171340906,3,3,homoskedastic Sanderson-Windmeijer correction
joint,lwti,4,432,diplomatic_tension,585.328215348,1,415,195.109405116,3,3,homoskedastic Sanderson-Windmeijer correction
joint,lwti,4,432,nuclear_threat,447.242719581,1,415,149.080906527,3,3,homoskedastic Sanderson-Windmeijer correction
joint,lwti,5,432,military_conflict,210.351402272,1,415,70.1171340906,3,3,homoskedastic Sanderson-Windmeijer correction
joint,lwti,5,432,diplomatic_tension,585.328215348,1,415,195.109405116,3,3,homoskedastic Sanderson-Windmeijer correction
joint,lwti,5,432,nuclear_threat,447.242719581,1,415,149.080906527,3,3,homoskedastic Sanderson-Windmeijer correction
joint,lwti,6,431,military_conflict,211.229354863,1,414,70.4097849545,3,3,homoskedastic Sanderson-Windmeijer correction
joint,lwti,6,431,diplomatic_tension,648.128614582,1,414,216.042871527,3,3,homoskedastic Sanderson-Windmeijer correction
joint,lwti,6,431,nuclear_threat,456.381509004,1,414,152.127169668,3,3,homoskedastic Sanderson-Windmeijer correction
joint,lwti,7,430,military_conflict,212.028309355,1,413,70.6761031183,3,3,homoskedastic Sanderson-Windmeijer correction
joint,lwti,7,430,diplomatic_tension,681.899093695,1,413,227.299697898,3,3,homoskedastic Sanderson-Windmeijer correction
joint,lwti,7,430,nuclear_threat,462.784031183,1,413,154.261343728,3,3,homoskedastic Sanderson-Windmeijer correction
joint,lwti,8,429,military_conflict,210.708730835,1,412,70.2362436117,3,3,homoskedastic Sanderson-Windmeijer correction
joint,lwti,8,429,diplomatic_tension,660.411974751,1,412,220.137324917,3,3,homoskedastic Sanderson-Windmeijer correction
joint,lwti,8,429,nuclear_threat,462.681902851,1,412,154.22730095,3,3,homoskedastic Sanderson-Windmeijer correction
joint,lwti,9,428,military_conflict,208.992427225,1,411,69.6641424085,3,3,homoskedastic Sanderson-Windmeijer correction
joint,lwti,9,428,diplomatic_tension,655.368627888,1,411,218.456209296,3,3,homoskedastic Sanderson-Windmeijer correction
joint,lwti,9,428,nuclear_threat,462.651625021,1,411,154.21720834,3,3,homoskedastic Sanderson-Windmeijer correction
joint,lwti,10,427,military_conflict,207.481408179,1,410,69.1604693931,3,3,homoskedastic Sanderson-Windmeijer correction
joint,lwti,10,427,diplomatic_tension,652.409134194,1,410,217.469711398,3,3,homoskedastic Sanderson-Windmeijer correction
joint,lwti,10,427,nuclear_threat,461.742561227,1,410,153.914187076,3,3,homoskedastic Sanderson-Windmeijer correction
joint,lwti,11,426,military_conflict,206.832841508,1,409,68.9442805026,3,3,homoskedastic Sanderson-Windmeijer correction
joint,lwti,11,426,diplomatic_tension,650.101553307,1,409,216.700517769,3,3,homoskedastic Sanderson-Windmeijer correction
joint,lwti,11,426,nuclear_threat,461.092438199,1,409,153.6974794,3,3,homoskedastic Sanderson-Windmeijer correction
joint,lwti,12,425,military_conflict,206.115425442,1,408,68.7051418141,3,3,homoskedastic Sanderson-Windmeijer correction
joint,lwti,12,425,diplomatic_tension,646.777571806,1,408,215.592523935,3,3,homoskedastic Sanderson-Windmeijer correction
joint,lwti,12,425,nuclear_threat,460.790253132,1,408,153.596751044,3,3,homoskedastic Sanderson-Windmeijer correction
joint,lwti,13,424,military_conflict,206.144192242,1,407,68.7147307473,3,3,homoskedastic Sanderson-Windmeijer correction
joint,lwti,13,424,diplomatic_tension,644.09749235,1,407,214.699164117,3,3,homoskedastic Sanderson-Windmeijer correction
joint,lwti,13,424,nuclear_threat,460.240660093,1,407,153.413553364,3,3,homoskedastic Sanderson-Windmeijer correction
joint,lwti,14,423,military_conflict,204.091050431,1,406,68.0303501437,3,3,homoskedastic Sanderson-Windmeijer correction
joint,lwti,14,423,diplomatic_tension,632.115784317,1,406,210.705261439,3,3,homoskedastic Sanderson-Windmeijer correction
joint,lwti,14,423,nuclear_threat,455.343429481,1,406,151.78114316,3,3,homoskedastic Sanderson-Windmeijer correction
joint,lwti,15,422,military_conflict,200.024220368,1,405,66.6747401225,3,3,homoskedastic Sanderson-Windmeijer correction
joint,lwti,15,422,diplomatic_tension,637.99969908,1,405,212.66656636,3,3,homoskedastic Sanderson-Windmeijer correction
joint,lwti,15,422,nuclear_threat,454.636588999,1,405,151.545529666,3,3,homoskedastic Sanderson-Windmeijer correction
joint,lwti,16,421,military_conflict,198.682087002,1,404,66.2273623339,3,3,homoskedastic Sanderson-Windmeijer correction
joint,lwti,16,421,diplomatic_tension,641.199358903,1,404,213.733119634,3,3,homoskedastic Sanderson-Windmeijer correction
joint,lwti,16,421,nuclear_threat,457.55845705,1,404,152.519485683,3,3,homoskedastic Sanderson-Windmeijer correction
joint,lwti,17,420,military_conflict,197.851200792,1,403,65.9504002641,3,3,homoskedastic Sanderson-Windmeijer correction
joint,lwti,17,420,diplomatic_tension,635.592338978,1,403,211.864112993,3,3,homoskedastic Sanderson-Windmeijer correction
joint,lwti,17,420,nuclear_threat,456.422100375,1,403,152.140700125,3,3,homoskedastic Sanderson-Windmeijer correction
joint,lwti,18,419,military_conflict,198.452123076,1,402,66.150707692,3,3,homoskedastic Sanderson-Windmeijer correction
joint,lwti,18,419,diplomatic_tension,704.953055301,1,402,234.984351767,3,3,homoskedastic Sanderson-Windmeijer correction
joint,lwti,18,419,nuclear_threat,459.527297222,1,402,153.175765741,3,3,homoskedastic Sanderson-Windmeijer correction
joint,lwti,19,418,military_conflict,197.469336647,1,401,65.8231122155,3,3,homoskedastic Sanderson-Windmeijer correction
joint,lwti,19,418,diplomatic_tension,679.992464203,1,401,226.664154734,3,3,homoskedastic Sanderson-Windmeijer correction
joint,lwti,19,418,nuclear_threat,459.264882934,1,401,153.088294311,3,3,homoskedastic Sanderson-Windmeijer correction
joint,lwti,20,417,military_conflict,196.240990965,1,400,65.4136636549,3,3,homoskedastic Sanderson-Windmeijer correction
joint,lwti,20,417,diplomatic_tension,666.223806301,1,400,222.0746021,3,3,homoskedastic Sanderson-Windmeijer correction
joint,lwti,20,417,nuclear_threat,458.266687545,1,400,152.755562515,3,3,homoskedastic Sanderson-Windmeijer correction
joint,lwti,21,416,military_conflict,195.944927602,1,399,65.3149758672,3,3,homoskedastic Sanderson-Windmeijer correction
joint,lwti,21,416,diplomatic_tension,664.334136185,1,399,221.444712062,3,3,homoskedastic Sanderson-Windmeijer correction
joint,lwti,21,416,nuclear_threat,456.327459303,1,399,152.109153101,3,3,homoskedastic Sanderson-Windmeijer correction
joint,lwti,22,415,military_conflict,197.325602048,1,398,65.7752006825,3,3,homoskedastic Sanderson-Windmeijer correction
joint,lwti,22,415,diplomatic_tension,669.965475067,1,398,223.321825022,3,3,homoskedastic Sanderson-Windmeijer correction
joint,lwti,22,415,nuclear_threat,453.942927645,1,398,151.314309215,3,3,homoskedastic Sanderson-Windmeijer correction
joint,lwti,23,414,military_conflict,195.037199805,1,397,65.012399935,3,3,homoskedastic Sanderson-Windmeijer correction
joint,lwti,23,414,diplomatic_tension,671.697219971,1,397,223.899073324,3,3,homoskedastic Sanderson-Windmeijer correction
joint,lwti,23,414,nuclear_threat,450.286703682,1,397,150.095567894,3,3,homoskedastic Sanderson-Windmeijer correction
joint,lwti,24,413,military_conflict,195.171706341,1,396,65.057235447,3,3,homoskedastic Sanderson-Windmeijer correction
joint,lwti,24,413,diplomatic_tension,677.491087544,1,396,225.830362515,3,3,homoskedastic Sanderson-Windmeijer correction
joint,lwti,24,413,nuclear_threat,447.510867812,1,396,149.170289271,3,3,homoskedastic Sanderson-Windmeijer correction
joint,lwti,25,412,military_conflict,192.198573343,1,395,64.0661911145,3,3,homoskedastic Sanderson-Windmeijer correction
joint,lwti,25,412,diplomatic_tension,655.33235177,1,395,218.444117257,3,3,homoskedastic Sanderson-Windmeijer correction
joint,lwti,25,412,nuclear_threat,456.920626487,1,395,152.306875496,3,3,homoskedastic Sanderson-Windmeijer correction
joint,lwti,26,411,military_conflict,192.707230096,1,394,64.2357433653,3,3,homoskedastic Sanderson-Windmeijer correction
joint,lwti,26,411,diplomatic_tension,658.204397502,1,394,219.401465834,3,3,homoskedastic Sanderson-Windmeijer correction
joint,lwti,26,411,nuclear_threat,461.542701316,1,394,153.847567105,3,3,homoskedastic Sanderson-Windmeijer correction
joint,lwti,27,410,military_conflict,192.175563031,1,393,64.0585210103,3,3,homoskedastic Sanderson-Windmeijer correction
joint,lwti,27,410,diplomatic_tension,655.529753128,1,393,218.509917709,3,3,homoskedastic Sanderson-Windmeijer correction
joint,lwti,27,410,nuclear_threat,460.388451181,1,393,153.46281706,3,3,homoskedastic Sanderson-Windmeijer correction
joint,lwti,28,409,military_conflict,194.09409172,1,392,64.6980305733,3,3,homoskedastic Sanderson-Windmeijer correction
joint,lwti,28,409,diplomatic_tension,654.69117447,1,392,218.23039149,3,3,homoskedastic Sanderson-Windmeijer correction
joint,lwti,28,409,nuclear_threat,463.454222276,1,392,154.484740759,3,3,homoskedastic Sanderson-Windmeijer correction
joint,lwti,29,408,military_conflict,192.101129395,1,391,64.0337097984,3,3,homoskedastic Sanderson-Windmeijer correction
joint,lwti,29,408,diplomatic_tension,652.045923085,1,391,217.348641028,3,3,homoskedastic Sanderson-Windmeijer correction
joint,lwti,29,408,nuclear_threat,465.612532931,1,391,155.204177644,3,3,homoskedastic Sanderson-Windmeijer correction
joint,lwti,30,407,military_conflict,192.073724173,1,390,64.0245747242,3,3,homoskedastic Sanderson-Windmeijer correction
joint,lwti,30,407,diplomatic_tension,654.421577758,1,390,218.140525919,3,3,homoskedastic Sanderson-Windmeijer correction
joint,lwti,30,407,nuclear_threat,464.494599781,1,390,154.83153326,3,3,homoskedastic Sanderson-Windmeijer correction
joint,lwti,31,406,military_conflict,189.975609364,1,389,63.3252031214,3,3,homoskedastic Sanderson-Windmeijer correction
joint,lwti,31,406,diplomatic_tension,635.017696161,1,389,211.672565387,3,3,homoskedastic Sanderson-Windmeijer correction
joint,lwti,31,406,nuclear_threat,464.756005316,1,389,154.918668439,3,3,homoskedastic Sanderson-Windmeijer correction
joint,lwti,32,405,military_conflict,188.8708826,1,388,62.9569608668,3,3,homoskedastic Sanderson-Windmeijer correction
joint,lwti,32,405,diplomatic_tension,630.38530651,1,388,210.128435503,3,3,homoskedastic Sanderson-Windmeijer correction
joint,lwti,32,405,nuclear_threat,464.251152913,1,388,154.750384304,3,3,homoskedastic Sanderson-Windmeijer correction
joint,lwti,33,404,military_conflict,187.657741879,1,387,62.5525806263,3,3,homoskedastic Sanderson-Windmeijer correction
joint,lwti,33,404,diplomatic_tension,620.936806114,1,387,206.978935371,3,3,homoskedastic Sanderson-Windmeijer correction
joint,lwti,33,404,nuclear_threat,463.45976594,1,387,154.486588647,3,3,homoskedastic Sanderson-Windmeijer correction
joint,lwti,34,403,military_conflict,207.668777718,1,386,69.2229259059,3,3,homoskedastic Sanderson-Windmeijer correction
joint,lwti,34,403,diplomatic_tension,671.661646252,1,386,223.887215417,3,3,homoskedastic Sanderson-Windmeijer correction
joint,lwti,34,403,nuclear_threat,460.028902013,1,386,153.342967338,3,3,homoskedastic Sanderson-Windmeijer correction
joint,lwti,35,402,military_conflict,193.189293748,1,385,64.3964312493,3,3,homoskedastic Sanderson-Windmeijer correction
joint,lwti,35,402,diplomatic_tension,650.046799192,1,385,216.682266397,3,3,homoskedastic Sanderson-Windmeijer correction
joint,lwti,35,402,nuclear_threat,460.420171548,1,385,153.473390516,3,3,homoskedastic Sanderson-Windmeijer correction
joint,lwti,36,401,military_conflict,191.253707974,1,384,63.7512359914,3,3,homoskedastic Sanderson-Windmeijer correction
joint,lwti,36,401,diplomatic_tension,632.71617869,1,384,210.905392897,3,3,homoskedastic Sanderson-Windmeijer correction
joint,lwti,36,401,nuclear_threat,460.585593395,1,384,153.528531132,3,3,homoskedastic Sanderson-Windmeijer correction
joint,lwti,37,400,military_conflict,190.411029142,1,383,63.4703430473,3,3,homoskedastic Sanderson-Windmeijer correction
joint,lwti,37,400,diplomatic_tension,623.277312431,1,383,207.759104144,3,3,homoskedastic Sanderson-Windmeijer correction
joint,lwti,37,400,nuclear_threat,456.925494368,1,383,152.308498123,3,3,homoskedastic Sanderson-Windmeijer correction
joint,lwti,38,399,military_conflict,189.544866215,1,382,63.1816220717,3,3,homoskedastic Sanderson-Windmeijer correction
joint,lwti,38,399,diplomatic_tension,613.532576149,1,382,204.510858716,3,3,homoskedastic Sanderson-Windmeijer correction
joint,lwti,38,399,nuclear_threat,456.067817795,1,382,152.022605932,3,3,homoskedastic Sanderson-Windmeijer correction
joint,lwti,39,398,military_conflict,188.490539032,1,381,62.8301796773,3,3,homoskedastic Sanderson-Windmeijer correction
joint,lwti,39,398,diplomatic_tension,607.254392884,1,381,202.418130961,3,3,homoskedastic Sanderson-Windmeijer correction
joint,lwti,39,398,nuclear_threat,454.814888127,1,381,151.604962709,3,3,homoskedastic Sanderson-Windmeijer correction
joint,lwti,40,397,military_conflict,188.118452993,1,380,62.7061509976,3,3,homoskedastic Sanderson-Windmeijer correction
joint,lwti,40,397,diplomatic_tension,608.572848461,1,380,202.857616154,3,3,homoskedastic Sanderson-Windmeijer correction
joint,lwti,40,397,nuclear_threat,452.742379073,1,380,150.914126358,3,3,homoskedastic Sanderson-Windmeijer correction
joint,lwti,41,396,military_conflict,187.623793267,1,379,62.5412644225,3,3,homoskedastic Sanderson-Windmeijer correction
joint,lwti,41,396,diplomatic_tension,606.373686186,1,379,202.124562062,3,3,homoskedastic Sanderson-Windmeijer correction
joint,lwti,41,396,nuclear_threat,451.539129964,1,379,150.513043321,3,3,homoskedastic Sanderson-Windmeijer correction
joint,lwti,42,395,military_conflict,189.731873893,1,378,63.2439579644,3,3,homoskedastic Sanderson-Windmeijer correction
joint,lwti,42,395,diplomatic_tension,608.588296483,1,378,202.862765494,3,3,homoskedastic Sanderson-Windmeijer correction
joint,lwti,42,395,nuclear_threat,450.585160229,1,378,150.19505341,3,3,homoskedastic Sanderson-Windmeijer correction
joint,lwti,43,394,military_conflict,184.641691962,1,377,61.5472306541,3,3,homoskedastic Sanderson-Windmeijer correction
joint,lwti,43,394,diplomatic_tension,570.962842493,1,377,190.320947498,3,3,homoskedastic Sanderson-Windmeijer correction
joint,lwti,43,394,nuclear_threat,446.966526205,1,377,148.988842068,3,3,homoskedastic Sanderson-Windmeijer correction
joint,lwti,44,393,military_conflict,184.156121719,1,376,61.3853739065,3,3,homoskedastic Sanderson-Windmeijer correction
joint,lwti,44,393,diplomatic_tension,570.101892483,1,376,190.033964161,3,3,homoskedastic Sanderson-Windmeijer correction
joint,lwti,44,393,nuclear_threat,445.209230071,1,376,148.40307669,3,3,homoskedastic Sanderson-Windmeijer correction
joint,lwti,45,392,military_conflict,183.059072248,1,375,61.0196907495,3,3,homoskedastic Sanderson-Windmeijer correction
joint,lwti,45,392,diplomatic_tension,566.213129672,1,375,188.737709891,3,3,homoskedastic Sanderson-Windmeijer correction
joint,lwti,45,392,nuclear_threat,445.514299371,1,375,148.504766457,3,3,homoskedastic Sanderson-Windmeijer correction
joint,lwti,46,391,military_conflict,182.818684263,1,374,60.9395614211,3,3,homoskedastic Sanderson-Windmeijer correction
joint,lwti,46,391,diplomatic_tension,564.522310428,1,374,188.174103476,3,3,homoskedastic Sanderson-Windmeijer correction
joint,lwti,46,391,nuclear_threat,444.089952255,1,374,148.029984085,3,3,homoskedastic Sanderson-Windmeijer correction
joint,lwti,47,390,military_conflict,181.424025733,1,373,60.4746752442,3,3,homoskedastic Sanderson-Windmeijer correction
joint,lwti,47,390,diplomatic_tension,559.764007943,1,373,186.588002648,3,3,homoskedastic Sanderson-Windmeijer correction
joint,lwti,47,390,nuclear_threat,442.031787728,1,373,147.343929243,3,3,homoskedastic Sanderson-Windmeijer correction
joint,lwti,48,389,military_conflict,181.104308648,1,372,60.3681028825,3,3,homoskedastic Sanderson-Windmeijer correction
joint,lwti,48,389,diplomatic_tension,559.146876934,1,372,186.382292311,3,3,homoskedastic Sanderson-Windmeijer correction
joint,lwti,48,389,nuclear_threat,445.520069014,1,372,148.506689671,3,3,homoskedastic Sanderson-Windmeijer correction
joint,lbrent,0,432,military_conflict,209.216503187,1,415,69.7388343958,3,3,homoskedastic Sanderson-Windmeijer correction
joint,lbrent,0,432,diplomatic_tension,579.680454673,1,415,193.226818224,3,3,homoskedastic Sanderson-Windmeijer correction
joint,lbrent,0,432,nuclear_threat,446.031928874,1,415,148.677309625,3,3,homoskedastic Sanderson-Windmeijer correction
joint,lbrent,1,432,military_conflict,209.216503187,1,415,69.7388343958,3,3,homoskedastic Sanderson-Windmeijer correction
joint,lbrent,1,432,diplomatic_tension,579.680454673,1,415,193.226818224,3,3,homoskedastic Sanderson-Windmeijer correction
joint,lbrent,1,432,nuclear_threat,446.031928874,1,415,148.677309625,3,3,homoskedastic Sanderson-Windmeijer correction
joint,lbrent,2,432,military_conflict,209.216503187,1,415,69.7388343958,3,3,homoskedastic Sanderson-Windmeijer correction
joint,lbrent,2,432,diplomatic_tension,579.680454673,1,415,193.226818224,3,3,homoskedastic Sanderson-Windmeijer correction
joint,lbrent,2,432,nuclear_threat,446.031928874,1,415,148.677309625,3,3,homoskedastic Sanderson-Windmeijer correction
joint,lbrent,3,432,military_conflict,209.216503187,1,415,69.7388343958,3,3,homoskedastic Sanderson-Windmeijer correction
joint,lbrent,3,432,diplomatic_tension,579.680454673,1,415,193.226818224,3,3,homoskedastic Sanderson-Windmeijer correction
joint,lbrent,3,432,nuclear_threat,446.031928874,1,415,148.677309625,3,3,homoskedastic Sanderson-Windmeijer correction
joint,lbrent,4,432,military_conflict,209.216503187,1,415,69.7388343958,3,3,homoskedastic Sanderson-Windmeijer correction
joint,lbrent,4,432,diplomatic_tension,579.680454673,1,415,193.226818224,3,3,homoskedastic Sanderson-Windmeijer correction
joint,lbrent,4,432,nuclear_threat,446.031928874,1,415,148.677309625,3,3,homoskedastic Sanderson-Windmeijer correction
joint,lbrent,5,432,military_conflict,209.216503187,1,415,69.7388343958,3,3,homoskedastic Sanderson-Windmeijer correction
joint,lbrent,5,432,diplomatic_tension,579.680454673,1,415,193.226818224,3,3,homoskedastic Sanderson-Windmeijer correction
joint,lbrent,5,432,nuclear_threat,446.031928874,1,415,148.677309625,3,3,homoskedastic Sanderson-Windmeijer correction
joint,lbrent,6,431,military_conflict,209.913357094,1,414,69.9711190313,3,3,homoskedastic Sanderson-Windmeijer correction
joint,lbrent,6,431,diplomatic_tension,641.532397479,1,414,213.844132493,3,3,homoskedastic Sanderson-Windmeijer correction
joint,lbrent,6,431,nuclear_threat,455.275841538,1,414,151.758613846,3,3,homoskedastic Sanderson-Windmeijer correction
joint,lbrent,7,430,military_conflict,210.63634851,1,413,70.2121161699,3,3,homoskedastic Sanderson-Windmeijer correction
joint,lbrent,7,430,diplomatic_tension,673.921541179,1,413,224.640513726,3,3,homoskedastic Sanderson-Windmeijer correction
joint,lbrent,7,430,nuclear_threat,461.864193799,1,413,153.954731266,3,3,homoskedastic Sanderson-Windmeijer correction
joint,lbrent,8,429,military_conflict,209.312492239,1,412,69.7708307464,3,3,homoskedastic Sanderson-Windmeijer correction
joint,lbrent,8,429,diplomatic_tension,652.943782668,1,412,217.647927556,3,3,homoskedastic Sanderson-Windmeijer correction
joint,lbrent,8,429,nuclear_threat,461.732499188,1,412,153.910833063,3,3,homoskedastic Sanderson-Windmeijer correction
joint,lbrent,9,428,military_conflict,207.616800006,1,411,69.2056000021,3,3,homoskedastic Sanderson-Windmeijer correction
joint,lbrent,9,428,diplomatic_tension,647.912988504,1,411,215.970996168,3,3,homoskedastic Sanderson-Windmeijer correction
joint,lbrent,9,428,nuclear_threat,461.682714972,1,411,153.894238324,3,3,homoskedastic Sanderson-Windmeijer correction
joint,lbrent,10,427,military_conflict,206.120777954,1,410,68.7069259846,3,3,homoskedastic Sanderson-Windmeijer correction
joint,lbrent,10,427,diplomatic_tension,644.986032774,1,410,214.995344258,3,3,homoskedastic Sanderson-Windmeijer correction
joint,lbrent,10,427,nuclear_threat,460.776250689,1,410,153.592083563,3,3,homoskedastic Sanderson-Windmeijer correction
joint,lbrent,11,426,military_conflict,205.469315951,1,409,68.4897719838,3,3,homoskedastic Sanderson-Windmeijer correction
joint,lbrent,11,426,diplomatic_tension,642.685606346,1,409,214.228535449,3,3,homoskedastic Sanderson-Windmeijer correction
joint,lbrent,11,426,nuclear_threat,460.1691449,1,409,153.389714967,3,3,homoskedastic Sanderson-Windmeijer correction
joint,lbrent,12,425,military_conflict,204.773221714,1,408,68.2577405712,3,3,homoskedastic Sanderson-Windmeijer correction
joint,lbrent,12,425,diplomatic_tension,639.472185511,1,408,213.15739517,3,3,homoskedastic Sanderson-Windmeijer correction
joint,lbrent,12,425,nuclear_threat,459.871795455,1,408,153.290598485,3,3,homoskedastic Sanderson-Windmeijer correction
joint,lbrent,13,424,military_conflict,204.805085088,1,407,68.2683616961,3,3,homoskedastic Sanderson-Windmeijer correction
joint,lbrent,13,424,diplomatic_tension,636.957905993,1,407,212.319301998,3,3,homoskedastic Sanderson-Windmeijer correction
joint,lbrent,13,424,nuclear_threat,459.261510233,1,407,153.087170078,3,3,homoskedastic Sanderson-Windmeijer correction
joint,lbrent,14,423,military_conflict,202.592097667,1,406,67.5306992224,3,3,homoskedastic Sanderson-Windmeijer correction
joint,lbrent,14,423,diplomatic_tension,624.607856596,1,406,208.202618865,3,3,homoskedastic Sanderson-Windmeijer correction
joint,lbrent,14,423,nuclear_threat,454.144484132,1,406,151.381494711,3,3,homoskedastic Sanderson-Windmeijer correction
joint,lbrent,15,422,military_conflict,198.361323676,1,405,66.1204412255,3,3,homoskedastic Sanderson-Windmeijer correction
joint,lbrent,15,422,diplomatic_tension,629.859184124,1,405,209.953061375,3,3,homoskedastic Sanderson-Windmeijer correction
joint,lbrent,15,422,nuclear_threat,453.171500364,1,405,151.057166788,3,3,homoskedastic Sanderson-Windmeijer correction
joint,lbrent,16,421,military_conflict,197.026768619,1,404,65.6755895396,3,3,homoskedastic Sanderson-Windmeijer correction
joint,lbrent,16,421,diplomatic_tension,633.052096948,1,404,211.017365649,3,3,homoskedastic Sanderson-Windmeijer correction
joint,lbrent,16,421,nuclear_threat,456.084882256,1,404,152.028294085,3,3,homoskedastic Sanderson-Windmeijer correction
joint,lbrent,17,420,military_conflict,196.197885142,1,403,65.3992950473,3,3,homoskedastic Sanderson-Windmeijer correction
joint,lbrent,17,420,diplomatic_tension,627.372831984,1,403,209.124277328,3,3,homoskedastic Sanderson-Windmeijer correction
joint,lbrent,17,420,nuclear_threat,454.971669354,1,403,151.657223118,3,3,homoskedastic Sanderson-Windmeijer correction
joint,lbrent,18,419,military_conflict,196.820720562,1,402,65.606906854,3,3,homoskedastic Sanderson-Windmeijer correction
joint,lbrent,18,419,diplomatic_tension,694.943166156,1,402,231.647722052,3,3,homoskedastic Sanderson-Windmeijer correction
joint,lbrent,18,419,nuclear_threat,458.141272223,1,402,152.713757408,3,3,homoskedastic Sanderson-Windmeijer correction
joint,lbrent,19,418,military_conflict,195.871618499,1,401,65.2905394995,3,3,homoskedastic Sanderson-Windmeijer correction
joint,lbrent,19,418,diplomatic_tension,670.801940829,1,401,223.600646943,3,3,homoskedastic Sanderson-Windmeijer correction
joint,lbrent,19,418,nuclear_threat,457.907853228,1,401,152.635951076,3,3,homoskedastic Sanderson-Windmeijer correction
joint,lbrent,20,417,military_conflict,194.614218958,1,400,64.8714063195,3,3,homoskedastic Sanderson-Windmeijer correction
joint,lbrent,20,417,diplomatic_tension,656.903921854,1,400,218.967973951,3,3,homoskedastic Sanderson-Windmeijer correction
joint,lbrent,20,417,nuclear_threat,456.889233776,1,400,152.296411259,3,3,homoskedastic Sanderson-Windmeijer correction
joint,lbrent,21,416,military_conflict,194.33964269,1,399,64.7798808966,3,3,homoskedastic Sanderson-Windmeijer correction
joint,lbrent,21,416,diplomatic_tension,655.198056637,1,399,218.399352212,3,3,homoskedastic Sanderson-Windmeijer correction
joint,lbrent,21,416,nuclear_threat,454.831147563,1,399,151.610382521,3,3,homoskedastic Sanderson-Windmeijer correction
joint,lbrent,22,415,military_conflict,195.676403482,1,398,65.2254678274,3,3,homoskedastic Sanderson-Windmeijer correction
joint,lbrent,22,415,diplomatic_tension,660.859375056,1,398,220.286458352,3,3,homoskedastic Sanderson-Windmeijer correction
joint,lbrent,22,415,nuclear_threat,452.504079554,1,398,150.834693185,3,3,homoskedastic Sanderson-Windmeijer correction
joint,lbrent,23,414,military_conflict,193.367780124,1,397,64.455926708,3,3,homoskedastic Sanderson-Windmeijer correction
joint,lbrent,23,414,diplomatic_tension,662.418077924,1,397,220.806025975,3,3,homoskedastic Sanderson-Windmeijer correction
joint,lbrent,23,414,nuclear_threat,448.761916027,1,397,149.587305342,3,3,homoskedastic Sanderson-Windmeijer correction
joint,lbrent,24,413,military_conflict,193.48039274,1,396,64.4934642465,3,3,homoskedastic Sanderson-Windmeijer correction
joint,lbrent,24,413,diplomatic_tension,668.026160266,1,396,222.675386755,3,3,homoskedastic Sanderson-Windmeijer correction
joint,lbrent,24,413,nuclear_threat,445.987129724,1,396,148.662376575,3,3,homoskedastic Sanderson-Windmeijer correction
joint,lbrent,25,412,military_conflict,190.567752693,1,395,63.522584231,3,3,homoskedastic Sanderson-Windmeijer correction
joint,lbrent,25,412,diplomatic_tension,646.592905203,1,395,215.530968401,3,3,homoskedastic Sanderson-Windmeijer correction
joint,lbrent,25,412,nuclear_threat,455.278771263,1,395,151.759590421,3,3,homoskedastic Sanderson-Windmeijer correction
joint,lbrent,26,411,military_conflict,191.08005647,1,394,63.6933521567,3,3,homoskedastic Sanderson-Windmeijer correction
joint,lbrent,26,411,diplomatic_tension,649.551892061,1,394,216.517297354,3,3,homoskedastic Sanderson-Windmeijer correction
joint,lbrent,26,411,nuclear_threat,459.766605776,1,394,153.255535259,3,3,homoskedastic Sanderson-Windmeijer correction
joint,lbrent,27,410,military_conflict,190.583449527,1,393,63.5278165088,3,3,homoskedastic Sanderson-Windmeijer correction
joint,lbrent,27,410,diplomatic_tension,647.449713473,1,393,215.816571158,3,3,homoskedastic Sanderson-Windmeijer correction
joint,lbrent,27,410,nuclear_threat,458.604238348,1,393,152.868079449,3,3,homoskedastic Sanderson-Windmeijer correction
joint,lbrent,28,409,military_conflict,192.561690855,1,392,64.187230285,3,3,homoskedastic Sanderson-Windmeijer correction
joint,lbrent,28,409,diplomatic_tension,646.940108389,1,392,215.646702796,3,3,homoskedastic Sanderson-Windmeijer correction
joint,lbrent,28,409,nuclear_threat,461.627310459,1,392,153.875770153,3,3,homoskedastic Sanderson-Windmeijer correction
joint,lbrent,29,408,military_conflict,190.477996106,1,391,63.4926653685,3,3,homoskedastic Sanderson-Windmeijer correction
joint,lbrent,29,408,diplomatic_tension,643.831437985,1,391,214.610479328,3,3,homoskedastic Sanderson-Windmeijer correction
joint,lbrent,29,408,nuclear_threat,463.942026664,1,391,154.647342221,3,3,homoskedastic Sanderson-Windmeijer correction
joint,lbrent,30,407,military_conflict,190.447507576,1,390,63.4825025253,3,3,homoskedastic Sanderson-Windmeijer correction
joint,lbrent,30,407,diplomatic_tension,646.169471402,1,390,215.389823801,3,3,homoskedastic Sanderson-Windmeijer correction
joint,lbrent,30,407,nuclear_threat,462.822325495,1,390,154.274108498,3,3,homoskedastic Sanderson-Windmeijer correction
joint,lbrent,31,406,military_conflict,188.353732874,1,389,62.7845776248,3,3,homoskedastic Sanderson-Windmeijer correction
joint,lbrent,31,406,diplomatic_tension,626.97615762,1,389,208.99205254,3,3,homoskedastic Sanderson-Windmeijer correction
joint,lbrent,31,406,nuclear_threat,463.027557458,1,389,154.342519153,3,3,homoskedastic Sanderson-Windmeijer correction
joint,lbrent,32,405,military_conflict,187.269143137,1,388,62.4230477123,3,3,homoskedastic Sanderson-Windmeijer correction
joint,lbrent,32,405,diplomatic_tension,622.387328472,1,388,207.462442824,3,3,homoskedastic Sanderson-Windmeijer correction
joint,lbrent,32,405,nuclear_threat,462.494698538,1,388,154.164899513,3,3,homoskedastic Sanderson-Windmeijer correction
joint,lbrent,33,404,military_conflict,186.05175966,1,387,62.0172532202,3,3,homoskedastic Sanderson-Windmeijer correction
joint,lbrent,33,404,diplomatic_tension,612.997603285,1,387,204.332534428,3,3,homoskedastic Sanderson-Windmeijer correction
joint,lbrent,33,404,nuclear_threat,461.763043773,1,387,153.921014591,3,3,homoskedastic Sanderson-Windmeijer correction
joint,lbrent,34,403,military_conflict,205.877459122,1,386,68.6258197072,3,3,homoskedastic Sanderson-Windmeijer correction
joint,lbrent,34,403,diplomatic_tension,663.03323382,1,386,221.01107794,3,3,homoskedastic Sanderson-Windmeijer correction
joint,lbrent,34,403,nuclear_threat,458.246376874,1,386,152.748792291,3,3,homoskedastic Sanderson-Windmeijer correction
joint,lbrent,35,402,military_conflict,191.520546013,1,385,63.8401820043,3,3,homoskedastic Sanderson-Windmeijer correction
joint,lbrent,35,402,diplomatic_tension,641.558536393,1,385,213.852845464,3,3,homoskedastic Sanderson-Windmeijer correction
joint,lbrent,35,402,nuclear_threat,458.603410603,1,385,152.867803534,3,3,homoskedastic Sanderson-Windmeijer correction
joint,lbrent,36,401,military_conflict,189.630040562,1,384,63.2100135207,3,3,homoskedastic Sanderson-Windmeijer correction
joint,lbrent,36,401,diplomatic_tension,624.726629845,1,384,208.242209948,3,3,homoskedastic Sanderson-Windmeijer correction
joint,lbrent,36,401,nuclear_threat,458.821209184,1,384,152.940403061,3,3,homoskedastic Sanderson-Windmeijer correction
joint,lbrent,37,400,military_conflict,188.777750215,1,383,62.9259167383,3,3,homoskedastic Sanderson-Windmeijer correction
joint,lbrent,37,400,diplomatic_tension,615.259354887,1,383,205.086451629,3,3,homoskedastic Sanderson-Windmeijer correction
joint,lbrent,37,400,nuclear_threat,455.162803385,1,383,151.720934462,3,3,homoskedastic Sanderson-Windmeijer correction
joint,lbrent,38,399,military_conflict,187.923306251,1,382,62.6411020838,3,3,homoskedastic Sanderson-Windmeijer correction
joint,lbrent,38,399,diplomatic_tension,605.629204856,1,382,201.876401619,3,3,homoskedastic Sanderson-Windmeijer correction
joint,lbrent,38,399,nuclear_threat,454.295030225,1,382,151.431676742,3,3,homoskedastic Sanderson-Windmeijer correction
joint,lbrent,39,398,military_conflict,186.80301934,1,381,62.2676731132,3,3,homoskedastic Sanderson-Windmeijer correction
joint,lbrent,39,398,diplomatic_tension,599.02779201,1,381,199.67593067,3,3,homoskedastic Sanderson-Windmeijer correction
joint,lbrent,39,398,nuclear_threat,453.026559144,1,381,151.008853048,3,3,homoskedastic Sanderson-Windmeijer correction
joint,lbrent,40,397,military_conflict,186.43320603,1,380,62.1444020099,3,3,homoskedastic Sanderson-Windmeijer correction
joint,lbrent,40,397,diplomatic_tension,600.11665162,1,380,200.038883873,3,3,homoskedastic Sanderson-Windmeijer correction
joint,lbrent,40,397,nuclear_threat,450.949195698,1,380,150.316398566,3,3,homoskedastic Sanderson-Windmeijer correction
joint,lbrent,41,396,military_conflict,185.938676452,1,379,61.9795588174,3,3,homoskedastic Sanderson-Windmeijer correction
joint,lbrent,41,396,diplomatic_tension,597.874700635,1,379,199.291566878,3,3,homoskedastic Sanderson-Windmeijer correction
joint,lbrent,41,396,nuclear_threat,449.75980981,1,379,149.919936603,3,3,homoskedastic Sanderson-Windmeijer correction
joint,lbrent,42,395,military_conflict,187.978894891,1,378,62.6596316302,3,3,homoskedastic Sanderson-Windmeijer correction
joint,lbrent,42,395,diplomatic_tension,600.11789357,1,378,200.039297857,3,3,homoskedastic Sanderson-Windmeijer correction
joint,lbrent,42,395,nuclear_threat,448.851299835,1,378,149.617099945,3,3,homoskedastic Sanderson-Windmeijer correction
joint,lbrent,43,394,military_conflict,182.924380593,1,377,60.9747935309,3,3,homoskedastic Sanderson-Windmeijer correction
joint,lbrent,43,394,diplomatic_tension,562.498288685,1,377,187.499429562,3,3,homoskedastic Sanderson-Windmeijer correction
joint,lbrent,43,394,nuclear_threat,445.135443626,1,377,148.378481209,3,3,homoskedastic Sanderson-Windmeijer correction
joint,lbrent,44,393,military_conflict,182.447959872,1,376,60.815986624,3,3,homoskedastic Sanderson-Windmeijer correction
joint,lbrent,44,393,diplomatic_tension,562.008919908,1,376,187.336306636,3,3,homoskedastic Sanderson-Windmeijer correction
joint,lbrent,44,393,nuclear_threat,443.521129702,1,376,147.840376567,3,3,homoskedastic Sanderson-Windmeijer correction
joint,lbrent,45,392,military_conflict,181.390087256,1,375,60.4633624186,3,3,homoskedastic Sanderson-Windmeijer correction
joint,lbrent,45,392,diplomatic_tension,558.313412757,1,375,186.104470919,3,3,homoskedastic Sanderson-Windmeijer correction
joint,lbrent,45,392,nuclear_threat,443.784403095,1,375,147.928134365,3,3,homoskedastic Sanderson-Windmeijer correction
joint,lbrent,46,391,military_conflict,181.16008363,1,374,60.3866945433,3,3,homoskedastic Sanderson-Windmeijer correction
joint,lbrent,46,391,diplomatic_tension,556.698076591,1,374,185.56602553,3,3,homoskedastic Sanderson-Windmeijer correction
joint,lbrent,46,391,nuclear_threat,442.350350171,1,374,147.450116724,3,3,homoskedastic Sanderson-Windmeijer correction
joint,lbrent,47,390,military_conflict,179.736447309,1,373,59.9121491029,3,3,homoskedastic Sanderson-Windmeijer correction
joint,lbrent,47,390,diplomatic_tension,551.59262724,1,373,183.86420908,3,3,homoskedastic Sanderson-Windmeijer correction
joint,lbrent,47,390,nuclear_threat,440.118396816,1,373,146.706132272,3,3,homoskedastic Sanderson-Windmeijer correction
joint,lbrent,48,389,military_conflict,179.413601774,1,372,59.8045339248,3,3,homoskedastic Sanderson-Windmeijer correction
joint,lbrent,48,389,diplomatic_tension,551.445727807,1,372,183.815242602,3,3,homoskedastic Sanderson-Windmeijer correction
joint,lbrent,48,389,nuclear_threat,444.066814843,1,372,148.022271614,3,3,homoskedastic Sanderson-Windmeijer correction
